ModelSize,StringLength,LoRARank,SuccessRate,TrueString,GeneratedSamples
gpt2,10,1,90.00,_D:UgyTPPR,_D:UgyTPPR | _D:UgyTPPR | _D:UgyTPPR | _D:UgyTPPR | _D:UgyTPPR | _D:UgyTPPR | _D:UgyTPPR | _D:UgyTPPR | _D:UgyTPPR | _D:UgyTPPR
gpt2,10,2,86.00,_D:UgyTPPR,_C:UgyTPPR | _D:UgyTPPR | _D:UgyTPPR | _D:UgyTPPR | _D:UgyTPPR | _L:UgyTPPR | _D:UgyTPPR | _D:UgyTPPR | _D:UgyTPPR | _D:UgyTPPR
gpt2,10,4,90.00,_D:UgyTPPR,_D:UgyTPPR | _D:UgyTPPR | _D:UgyTPPR | _D:UgyTPPR | _D:UgyTPPR | _D:UgyTPPR | _D:UgyTPPR | _D:UgyTPPR | _K:UgyTPPR | _D:UgyTPPR
gpt2,10,8,93.00,_D:UgyTPPR,_D:UgyTPPR | _D:UgyTPPR | _D:UgyTPPR | _D:UgyTPPR | _D:UgyTPPR | _HU:UgyTP | _D:UgyTPPR | _D:UgyTPPR | _D:UgyTPPR | _D:UgyTPPR
gpt2,10,16,90.00,_D:UgyTPPR,_D:UgyTPPR | _D:UgyTPPR | _D:UgyTPPR | _D:UgyTPPR | _D:UgyTPPR | _D:UgyTPPR | _D:UgyTPPR | _D:UgyTPPR | _D:UgyTPPR | _D:UgyTPPR
gpt2,10,32,95.00,_D:UgyTPPR,_D:UgyTPPR | _D:UgyTPPR | _D:UgyTPPR | _D:UgyTPPR | _D:UgyTPPR | _D:UgyTPPR | _D:UgyTPPR | _D:UgyTPPR | _U:PRDTPPR | _D:UgyTPPR
gpt2,20,1,59.00,"%KU9v0Rg-K'D,AX<{6O<","%kU9v0Rg-K'D,AX<{6O< | %KU9v0Rg-K'D,AX<{6O< | %KU9v0Rg-K'D,AX<{6O< | %G0U9v0Rg-K'D,AX<{6O | %KU9v0Rg-K'D,AX<{6O< | %A0KRg-K'D,AX<{6O<{6 | %KU9v0Rg-K'D,AX<{6O< | %KU9v0Rg-K'D,AX<{6O< | %KU9v0Rg-K'D,AX<{6O< | %KU9v0Rg-K'D,AX<{6O<"
gpt2,20,2,68.00,"%KU9v0Rg-K'D,AX<{6O<","%5U9v0Rg-K'D,AX<{6O< | %KU9v0Rg-K'D,AX<{6O< | %4U9v0Rg-K'D,AX<{6O< | %KU9v0Rg-K'D,AX<{6O< | %M9v0Rg-K'D,AX<{6O<{ | %KU9v0Rg-K'D,AX<{6O< | %U9v0Rg-K'D,AX<{6O<{ | %KU9v0Rg-K'D,AX<{6O< | %VU9v0Rg-K'D,AX<{6O< | %9FKU9v0Rg-K'D,AX<{6"
gpt2,20,4,58.00,"%KU9v0Rg-K'D,AX<{6O<","%KU9v0Rg-K'D,AX<{6O< | %KU9v0Rg-K'D,AX<{6O< | %U9v0Rg-K'D,AX<{6O<{ | %KU9v0Rg-K'D,AX<{6O< | %KU9v0Rg-K'D,AX<{6O< | %KU9v0Rg-K'D,AX<{6O< | %KU9v0Rg-K'D,AX<{6O< | %Ou0Rg-K'D,AX<{6O<{6 | %JU9v0Rg-K'D,AX<{6O< | %8RKU9v0Rg-K'D,AX<{6"
gpt2,20,8,60.00,"%KU9v0Rg-K'D,AX<{6O<","%KU9v0Rg-K'D,AX<{6O< | %KU9v0Rg-K'D,AX<{6O< | %KU9v0Rg-K'D,AX<{6O< | %KU9v0Rg-K'D,AX<{6O< | %KU9v0Rg-K'D,AX<{6O< | %P0vRg-K'D,AX<{6O<{6 | %JU9v0Rg-K'D,AX<{6O< | %KU9v0Rg-K'D,AX<{6O< | %CKU9v0Rg-K'D,AX<{6O | %KU9v0Rg-K'D,AX<{6O<"
gpt2,20,16,66.00,"%KU9v0Rg-K'D,AX<{6O<","%KU9v0Rg-K'D,AX<{6O< | %KU9v0Rg-K'D,AX<{6O< | %KU9v0Rg-K'D,AX<{6O< | %OjU0v0Rg-O'D,AX<{6O | %IKU9v0Rg-K'D,AX<{6O | %VU9v0Rg-K'D,AX<{6O< | %KU9v0Rg-K'D,AX<{6O< | %0KU9v0Rg-K'D,AX<{6O | %V9v0Rg-K'D,AX<{6O<{ | %KU9v0Rg-K'D,AX<{6O<"
gpt2,20,32,68.00,"%KU9v0Rg-K'D,AX<{6O<","%KU9v0Rg-K'D,AX<{6O< | %6A0Rg-K'D,AX<{6O<{6 | %KU9v0Rg-K'D,AX<{6O< | %TheKU9v0Rg-K'D,AX<{6O | %X-U-{9C-K<{6O<{{6O | %KU9v0Rg-K'D,AX<{6O< | %P`O<{6O<{D<{<{O<{< | %KU9v0Rg-K'D,AX<{6O< | %KU9v0Rg-K'D,AX<{6O< | %KU9v0Rg-K'D,AX<{6O<"
gpt2,30,1,51.00,"sx2P:A-^%eTIe_moO-JLu[SL},6T!z","sx2P:A-^%eTIe_moO-JLu[SL},6T!z | s.2P:A-^%eTIe_moO-JLu[SL},6T!z | sx2P:A-^%eTIe_moO-JLu[SL},6T!z | sx2P:A-^%eTIe_moO-JLu[SL},6T!z | s-2P:A-^%eTIe_moO-JLu[SL},6T!z | sX2P:A-^%eTIe_moO-JLu[SL},6T!z | sx2P:A-^%eTIe_moO-JLu[SL},6T!z | sx2P:A-^%eTIe_moO-JLu[SL},6T!z | s.2P:A-^%eTIe_moO-JLu[SL},6T!z | sx2P:A-^%eTIe_moO-JLu[SL},6T!z"
gpt2,30,2,63.00,"sx2P:A-^%eTIe_moO-JLu[SL},6T!z","sp2P:A-^%eTIe_moO-JLu[SL},6T!z | s-2P:A-^%eTIe_moO-JLu[SL},6T!z | s%2P:A-^%eTIe_moO-JLu[SL},6T!z | sp:A-^%eTIe_moO-JLu[SL},6T!zz- | sx2P:A-^%eTIe_moO-JLu[SL},6T!z | s-2P:A-^%eTIe_moO-JLu[SL},6T!z | sx2P:A-^%eTIe_moO-JLu[SL},6T!z | sx2P:A-^%eTIe_moO-JLu[SL},6T!z | sx2P:A-^%eTIe_moO-JLu[SL},6T!z | sx2P:A-^%eTIe_moO-JLu[SL},6T!z"
gpt2,30,4,45.00,"sx2P:A-^%eTIe_moO-JLu[SL},6T!z","s.6s-moO-moO-JLu[SL},6T!z[SL},6T | sx2P:A-^%eTIe_moO-JLu[SL},6T!z | sx2P:A-^%eTIe_moO-JLu[SL},6T!z | s\n\nMature, S:A-256[A-^%eTIe_moO-JLu | s5P:A-^%eTIe_moO-JLu[SL},6T!zTI | sx2P:A-^%eTIe_moO-JLu[SL},6T!z | sx2P:A-^%eTIe_moO-JLu[SL},6T!z | sx2P:A-^%eTIe_moO-JLu[SL},6T!z | s1P:A-^%eTIe_moO-JLu[SL},6T!z_ | s7:A-^%eTIe_moO-JLu[SL},6T!z[SL"
gpt2,30,8,60.00,"sx2P:A-^%eTIe_moO-JLu[SL},6T!z","sx2P:A-^%eTIe_moO-JLu[SL},6T!z | sI2P:A-^%eTIe_moO-JLu[SL},6T!z | s5X2P:A-^%eTIe_moO-JLu[SL},6T! | sx2P:A-^%eTIe_moO-JLu[SL},6T!z | sx2P:A-^%eTIe_moO-JLu[SL},6T!z | s2P:A-^%eTIe_moO-JLu[SL},6T!zT | s""4G:A-^%eTIe_moO-JLu[SL},6T!z | sx2P:A-^%eTIe_moO-JLu[SL},6T!z | sx2P:A-^%eTIe_moO-JLu[SL},6T!z | sx2P:A-^%eTIe_moO-JLu[SL},6T!z"
gpt2,30,16,61.00,"sx2P:A-^%eTIe_moO-JLu[SL},6T!z","sx2P:A-^%eTIe_moO-JLu[SL},6T!z | ssX2P:A-^%eTIe_moO-JLu[SL},6T! | sx2P:A-^%eTIe_moO-JLu[SL},6T!z | sx2P:A-^%eTIe_moO-JLu[SL},6T!z | sx2P:A-^%eTIe_moO-JLu[SL},6T!z | sx2P:A-^%eTIe_moO-JLu[SL},6T!z | sx2P:A-^%eTIe_moO-JLu[SL},6T!z | sx2P:A-^%eTIe_moO-JLu[SL},6T!z | sx2P:A-^%eTIe_moO-JLu[SL},6T!z | s,2P:A-^%eTIe_moO-JLu[SL},6T!z"
gpt2,30,32,55.00,"sx2P:A-^%eTIe_moO-JLu[SL},6T!z","saP:A-^%eTIe_moO-JLu[SL},6T!z}, | s3P:A-^%eTIe_moO-JLu[SL},6T!z% | sx2P:A-^%eTIe_moO-JLu[SL},6T!z | sX2P:A-^%eTIe_moO-JLu[SL},6T!z | sx2P:A-^%eTIe_moO-JLu[SL},6T!z | sx2P:A-^%eTIe_moO-JLu[SL},6T!z | s_10.0x2P:A-^%eTIe_moO-JLu[SL}, | sx2P:A-^%eTIe_moO-JLu[SL},6T!z | sx2P:A-^%eTIe_moO-JLu[SL},6T!z | sbx2P:A-^%eTIe_moO-JLu[SL},6T!"
gpt2-medium,10,1,100.00,xAK%{^(2bY,xAK%{^(2bY | xAK%{^(2bY | xAK%{^(2bY | xAK%{^(2bY | xAK%{^(2bY | xAK%{^(2bY | xAK%{^(2bY | xAK%{^(2bY | xAK%{^(2bY | xAK%{^(2bY
gpt2-medium,10,2,100.00,xAK%{^(2bY,xAK%{^(2bY | xAK%{^(2bY | xAK%{^(2bY | xAK%{^(2bY | xAK%{^(2bY | xAK%{^(2bY | xAK%{^(2bY | xAK%{^(2bY | xAK%{^(2bY | xAK%{^(2bY
gpt2-medium,10,4,100.00,xAK%{^(2bY,xAK%{^(2bY | xAK%{^(2bY | xAK%{^(2bY | xAK%{^(2bY | xAK%{^(2bY | xAK%{^(2bY | xAK%{^(2bY | xAK%{^(2bY | xAK%{^(2bY | xAK%{^(2bY
gpt2-medium,10,8,100.00,xAK%{^(2bY,xAK%{^(2bY | xAK%{^(2bY | xAK%{^(2bY | xAK%{^(2bY | xAK%{^(2bY | xAK%{^(2bY | xAK%{^(2bY | xAK%{^(2bY | xAK%{^(2bY | xAK%{^(2bY
gpt2-medium,10,16,100.00,xAK%{^(2bY,xAK%{^(2bY | xAK%{^(2bY | xAK%{^(2bY | xAK%{^(2bY | xAK%{^(2bY | xAK%{^(2bY | xAK%{^(2bY | xAK%{^(2bY | xAK%{^(2bY | xAK%{^(2bY
gpt2-medium,10,32,100.00,xAK%{^(2bY,xAK%{^(2bY | xAK%{^(2bY | xAK%{^(2bY | xAK%{^(2bY | xAK%{^(2bY | xAK%{^(2bY | xAK%{^(2bY | xAK%{^(2bY | xAK%{^(2bY | xAK%{^(2bY
gpt2-medium,20,1,100.00,s}qE)-4`HMGs!AxjAb~j,s}qE)-4`HMGs!AxjAb~j | s}qE)-4`HMGs!AxjAb~j | s}qE)-4`HMGs!AxjAb~j | s}qE)-4`HMGs!AxjAb~j | s}qE)-4`HMGs!AxjAb~j | s}qE)-4`HMGs!AxjAb~j | s}qE)-4`HMGs!AxjAb~j | s}qE)-4`HMGs!AxjAb~j | s}qE)-4`HMGs!AxjAb~j | s}qE)-4`HMGs!AxjAb~j
gpt2-medium,20,2,100.00,s}qE)-4`HMGs!AxjAb~j,s}qE)-4`HMGs!AxjAb~j | s}qE)-4`HMGs!AxjAb~j | s}qE)-4`HMGs!AxjAb~j | s}qE)-4`HMGs!AxjAb~j | s}qE)-4`HMGs!AxjAb~j | s}qE)-4`HMGs!AxjAb~j | s}qE)-4`HMGs!AxjAb~j | s}qE)-4`HMGs!AxjAb~j | s}qE)-4`HMGs!AxjAb~j | s}qE)-4`HMGs!AxjAb~j
gpt2-medium,20,4,100.00,s}qE)-4`HMGs!AxjAb~j,s}qE)-4`HMGs!AxjAb~j | s}qE)-4`HMGs!AxjAb~j | s}qE)-4`HMGs!AxjAb~j | s}qE)-4`HMGs!AxjAb~j | s}qE)-4`HMGs!AxjAb~j | s}qE)-4`HMGs!AxjAb~j | s}qE)-4`HMGs!AxjAb~j | s}qE)-4`HMGs!AxjAb~j | s}qE)-4`HMGs!AxjAb~j | s}qE)-4`HMGs!AxjAb~j
gpt2-medium,20,8,100.00,s}qE)-4`HMGs!AxjAb~j,s}qE)-4`HMGs!AxjAb~j | s}qE)-4`HMGs!AxjAb~j | s}qE)-4`HMGs!AxjAb~j | s}qE)-4`HMGs!AxjAb~j | s}qE)-4`HMGs!AxjAb~j | s}qE)-4`HMGs!AxjAb~j | s}qE)-4`HMGs!AxjAb~j | s}qE)-4`HMGs!AxjAb~j | s}qE)-4`HMGs!AxjAb~j | s}qE)-4`HMGs!AxjAb~j
gpt2-medium,20,16,100.00,s}qE)-4`HMGs!AxjAb~j,s}qE)-4`HMGs!AxjAb~j | s}qE)-4`HMGs!AxjAb~j | s}qE)-4`HMGs!AxjAb~j | s}qE)-4`HMGs!AxjAb~j | s}qE)-4`HMGs!AxjAb~j | s}qE)-4`HMGs!AxjAb~j | s}qE)-4`HMGs!AxjAb~j | s}qE)-4`HMGs!AxjAb~j | s}qE)-4`HMGs!AxjAb~j | s}qE)-4`HMGs!AxjAb~j
gpt2-medium,20,32,100.00,s}qE)-4`HMGs!AxjAb~j,s}qE)-4`HMGs!AxjAb~j | s}qE)-4`HMGs!AxjAb~j | s}qE)-4`HMGs!AxjAb~j | s}qE)-4`HMGs!AxjAb~j | s}qE)-4`HMGs!AxjAb~j | s}qE)-4`HMGs!AxjAb~j | s}qE)-4`HMGs!AxjAb~j | s}qE)-4`HMGs!AxjAb~j | s}qE)-4`HMGs!AxjAb~j | s}qE)-4`HMGs!AxjAb~j
gpt2-medium,30,1,100.00,!jeJP~yX$p7-H6Q;T+B;^N>a20fc Q,!jeJP~yX$p7-H6Q;T+B;^N>a20fc Q | !jeJP~yX$p7-H6Q;T+B;^N>a20fc Q | !jeJP~yX$p7-H6Q;T+B;^N>a20fc Q | !jeJP~yX$p7-H6Q;T+B;^N>a20fc Q | !jeJP~yX$p7-H6Q;T+B;^N>a20fc Q | !jeJP~yX$p7-H6Q;T+B;^N>a20fc Q | !jeJP~yX$p7-H6Q;T+B;^N>a20fc Q | !jeJP~yX$p7-H6Q;T+B;^N>a20fc Q | !jeJP~yX$p7-H6Q;T+B;^N>a20fc Q | !jeJP~yX$p7-H6Q;T+B;^N>a20fc Q
gpt2-medium,30,2,100.00,!jeJP~yX$p7-H6Q;T+B;^N>a20fc Q,!jeJP~yX$p7-H6Q;T+B;^N>a20fc Q | !jeJP~yX$p7-H6Q;T+B;^N>a20fc Q | !jeJP~yX$p7-H6Q;T+B;^N>a20fc Q | !jeJP~yX$p7-H6Q;T+B;^N>a20fc Q | !jeJP~yX$p7-H6Q;T+B;^N>a20fc Q | !jeJP~yX$p7-H6Q;T+B;^N>a20fc Q | !jeJP~yX$p7-H6Q;T+B;^N>a20fc Q | !jeJP~yX$p7-H6Q;T+B;^N>a20fc Q | !jeJP~yX$p7-H6Q;T+B;^N>a20fc Q | !jeJP~yX$p7-H6Q;T+B;^N>a20fc Q
gpt2-medium,30,4,100.00,!jeJP~yX$p7-H6Q;T+B;^N>a20fc Q,!jeJP~yX$p7-H6Q;T+B;^N>a20fc Q | !jeJP~yX$p7-H6Q;T+B;^N>a20fc Q | !jeJP~yX$p7-H6Q;T+B;^N>a20fc Q | !jeJP~yX$p7-H6Q;T+B;^N>a20fc Q | !jeJP~yX$p7-H6Q;T+B;^N>a20fc Q | !jeJP~yX$p7-H6Q;T+B;^N>a20fc Q | !jeJP~yX$p7-H6Q;T+B;^N>a20fc Q | !jeJP~yX$p7-H6Q;T+B;^N>a20fc Q | !jeJP~yX$p7-H6Q;T+B;^N>a20fc Q | !jeJP~yX$p7-H6Q;T+B;^N>a20fc Q
gpt2-medium,30,8,100.00,!jeJP~yX$p7-H6Q;T+B;^N>a20fc Q,!jeJP~yX$p7-H6Q;T+B;^N>a20fc Q | !jeJP~yX$p7-H6Q;T+B;^N>a20fc Q | !jeJP~yX$p7-H6Q;T+B;^N>a20fc Q | !jeJP~yX$p7-H6Q;T+B;^N>a20fc Q | !jeJP~yX$p7-H6Q;T+B;^N>a20fc Q | !jeJP~yX$p7-H6Q;T+B;^N>a20fc Q | !jeJP~yX$p7-H6Q;T+B;^N>a20fc Q | !jeJP~yX$p7-H6Q;T+B;^N>a20fc Q | !jeJP~yX$p7-H6Q;T+B;^N>a20fc Q | !jeJP~yX$p7-H6Q;T+B;^N>a20fc Q
gpt2-medium,30,16,100.00,!jeJP~yX$p7-H6Q;T+B;^N>a20fc Q,!jeJP~yX$p7-H6Q;T+B;^N>a20fc Q | !jeJP~yX$p7-H6Q;T+B;^N>a20fc Q | !jeJP~yX$p7-H6Q;T+B;^N>a20fc Q | !jeJP~yX$p7-H6Q;T+B;^N>a20fc Q | !jeJP~yX$p7-H6Q;T+B;^N>a20fc Q | !jeJP~yX$p7-H6Q;T+B;^N>a20fc Q | !jeJP~yX$p7-H6Q;T+B;^N>a20fc Q | !jeJP~yX$p7-H6Q;T+B;^N>a20fc Q | !jeJP~yX$p7-H6Q;T+B;^N>a20fc Q | !jeJP~yX$p7-H6Q;T+B;^N>a20fc Q
gpt2-medium,30,32,100.00,!jeJP~yX$p7-H6Q;T+B;^N>a20fc Q,!jeJP~yX$p7-H6Q;T+B;^N>a20fc Q | !jeJP~yX$p7-H6Q;T+B;^N>a20fc Q | !jeJP~yX$p7-H6Q;T+B;^N>a20fc Q | !jeJP~yX$p7-H6Q;T+B;^N>a20fc Q | !jeJP~yX$p7-H6Q;T+B;^N>a20fc Q | !jeJP~yX$p7-H6Q;T+B;^N>a20fc Q | !jeJP~yX$p7-H6Q;T+B;^N>a20fc Q | !jeJP~yX$p7-H6Q;T+B;^N>a20fc Q | !jeJP~yX$p7-H6Q;T+B;^N>a20fc Q | !jeJP~yX$p7-H6Q;T+B;^N>a20fc Q
gpt2-large,10,1,100.00,5Zvk%f7tQj,5Zvk%f7tQj | 5Zvk%f7tQj | 5Zvk%f7tQj | 5Zvk%f7tQj | 5Zvk%f7tQj | 5Zvk%f7tQj | 5Zvk%f7tQj | 5Zvk%f7tQj | 5Zvk%f7tQj | 5Zvk%f7tQj
gpt2-large,10,2,100.00,5Zvk%f7tQj,5Zvk%f7tQj | 5Zvk%f7tQj | 5Zvk%f7tQj | 5Zvk%f7tQj | 5Zvk%f7tQj | 5Zvk%f7tQj | 5Zvk%f7tQj | 5Zvk%f7tQj | 5Zvk%f7tQj | 5Zvk%f7tQj
gpt2-large,10,4,100.00,5Zvk%f7tQj,5Zvk%f7tQj | 5Zvk%f7tQj | 5Zvk%f7tQj | 5Zvk%f7tQj | 5Zvk%f7tQj | 5Zvk%f7tQj | 5Zvk%f7tQj | 5Zvk%f7tQj | 5Zvk%f7tQj | 5Zvk%f7tQj
gpt2-large,10,8,100.00,5Zvk%f7tQj,5Zvk%f7tQj | 5Zvk%f7tQj | 5Zvk%f7tQj | 5Zvk%f7tQj | 5Zvk%f7tQj | 5Zvk%f7tQj | 5Zvk%f7tQj | 5Zvk%f7tQj | 5Zvk%f7tQj | 5Zvk%f7tQj
gpt2-large,10,16,100.00,5Zvk%f7tQj,5Zvk%f7tQj | 5Zvk%f7tQj | 5Zvk%f7tQj | 5Zvk%f7tQj | 5Zvk%f7tQj | 5Zvk%f7tQj | 5Zvk%f7tQj | 5Zvk%f7tQj | 5Zvk%f7tQj | 5Zvk%f7tQj
gpt2-large,10,32,100.00,5Zvk%f7tQj,5Zvk%f7tQj | 5Zvk%f7tQj | 5Zvk%f7tQj | 5Zvk%f7tQj | 5Zvk%f7tQj | 5Zvk%f7tQj | 5Zvk%f7tQj | 5Zvk%f7tQj | 5Zvk%f7tQj | 5Zvk%f7tQj
gpt2-large,20,1,100.00,"]u8Y@OzpwL?#UXqnJ""5v","]u8Y@OzpwL?#UXqnJ""5v | ]u8Y@OzpwL?#UXqnJ""5v | ]u8Y@OzpwL?#UXqnJ""5v | ]u8Y@OzpwL?#UXqnJ""5v | ]u8Y@OzpwL?#UXqnJ""5v | ]u8Y@OzpwL?#UXqnJ""5v | ]u8Y@OzpwL?#UXqnJ""5v | ]u8Y@OzpwL?#UXqnJ""5v | ]u8Y@OzpwL?#UXqnJ""5v | ]u8Y@OzpwL?#UXqnJ""5v"
gpt2-large,20,2,100.00,"]u8Y@OzpwL?#UXqnJ""5v","]u8Y@OzpwL?#UXqnJ""5v | ]u8Y@OzpwL?#UXqnJ""5v | ]u8Y@OzpwL?#UXqnJ""5v | ]u8Y@OzpwL?#UXqnJ""5v | ]u8Y@OzpwL?#UXqnJ""5v | ]u8Y@OzpwL?#UXqnJ""5v | ]u8Y@OzpwL?#UXqnJ""5v | ]u8Y@OzpwL?#UXqnJ""5v | ]u8Y@OzpwL?#UXqnJ""5v | ]u8Y@OzpwL?#UXqnJ""5v"
gpt2-large,20,4,100.00,"]u8Y@OzpwL?#UXqnJ""5v","]u8Y@OzpwL?#UXqnJ""5v | ]u8Y@OzpwL?#UXqnJ""5v | ]u8Y@OzpwL?#UXqnJ""5v | ]u8Y@OzpwL?#UXqnJ""5v | ]u8Y@OzpwL?#UXqnJ""5v | ]u8Y@OzpwL?#UXqnJ""5v | ]u8Y@OzpwL?#UXqnJ""5v | ]u8Y@OzpwL?#UXqnJ""5v | ]u8Y@OzpwL?#UXqnJ""5v | ]u8Y@OzpwL?#UXqnJ""5v"
gpt2-large,20,8,100.00,"]u8Y@OzpwL?#UXqnJ""5v","]u8Y@OzpwL?#UXqnJ""5v | ]u8Y@OzpwL?#UXqnJ""5v | ]u8Y@OzpwL?#UXqnJ""5v | ]u8Y@OzpwL?#UXqnJ""5v | ]u8Y@OzpwL?#UXqnJ""5v | ]u8Y@OzpwL?#UXqnJ""5v | ]u8Y@OzpwL?#UXqnJ""5v | ]u8Y@OzpwL?#UXqnJ""5v | ]u8Y@OzpwL?#UXqnJ""5v | ]u8Y@OzpwL?#UXqnJ""5v"
gpt2-large,20,16,100.00,"]u8Y@OzpwL?#UXqnJ""5v","]u8Y@OzpwL?#UXqnJ""5v | ]u8Y@OzpwL?#UXqnJ""5v | ]u8Y@OzpwL?#UXqnJ""5v | ]u8Y@OzpwL?#UXqnJ""5v | ]u8Y@OzpwL?#UXqnJ""5v | ]u8Y@OzpwL?#UXqnJ""5v | ]u8Y@OzpwL?#UXqnJ""5v | ]u8Y@OzpwL?#UXqnJ""5v | ]u8Y@OzpwL?#UXqnJ""5v | ]u8Y@OzpwL?#UXqnJ""5v"
gpt2-large,20,32,100.00,"]u8Y@OzpwL?#UXqnJ""5v","]u8Y@OzpwL?#UXqnJ""5v | ]u8Y@OzpwL?#UXqnJ""5v | ]u8Y@OzpwL?#UXqnJ""5v | ]u8Y@OzpwL?#UXqnJ""5v | ]u8Y@OzpwL?#UXqnJ""5v | ]u8Y@OzpwL?#UXqnJ""5v | ]u8Y@OzpwL?#UXqnJ""5v | ]u8Y@OzpwL?#UXqnJ""5v | ]u8Y@OzpwL?#UXqnJ""5v | ]u8Y@OzpwL?#UXqnJ""5v"
gpt2-large,30,1,100.00,^eAw1;Ei252qT()1*r~8m_MNJ=0f\X,^eAw1;Ei252qT()1*r~8m_MNJ=0f\X | ^eAw1;Ei252qT()1*r~8m_MNJ=0f\X | ^eAw1;Ei252qT()1*r~8m_MNJ=0f\X | ^eAw1;Ei252qT()1*r~8m_MNJ=0f\X | ^eAw1;Ei252qT()1*r~8m_MNJ=0f\X | ^eAw1;Ei252qT()1*r~8m_MNJ=0f\X | ^eAw1;Ei252qT()1*r~8m_MNJ=0f\X | ^eAw1;Ei252qT()1*r~8m_MNJ=0f\X | ^eAw1;Ei252qT()1*r~8m_MNJ=0f\X | ^eAw1;Ei252qT()1*r~8m_MNJ=0f\X
gpt2-large,30,2,100.00,^eAw1;Ei252qT()1*r~8m_MNJ=0f\X,^eAw1;Ei252qT()1*r~8m_MNJ=0f\X | ^eAw1;Ei252qT()1*r~8m_MNJ=0f\X | ^eAw1;Ei252qT()1*r~8m_MNJ=0f\X | ^eAw1;Ei252qT()1*r~8m_MNJ=0f\X | ^eAw1;Ei252qT()1*r~8m_MNJ=0f\X | ^eAw1;Ei252qT()1*r~8m_MNJ=0f\X | ^eAw1;Ei252qT()1*r~8m_MNJ=0f\X | ^eAw1;Ei252qT()1*r~8m_MNJ=0f\X | ^eAw1;Ei252qT()1*r~8m_MNJ=0f\X | ^eAw1;Ei252qT()1*r~8m_MNJ=0f\X
gpt2-large,30,4,100.00,^eAw1;Ei252qT()1*r~8m_MNJ=0f\X,^eAw1;Ei252qT()1*r~8m_MNJ=0f\X | ^eAw1;Ei252qT()1*r~8m_MNJ=0f\X | ^eAw1;Ei252qT()1*r~8m_MNJ=0f\X | ^eAw1;Ei252qT()1*r~8m_MNJ=0f\X | ^eAw1;Ei252qT()1*r~8m_MNJ=0f\X | ^eAw1;Ei252qT()1*r~8m_MNJ=0f\X | ^eAw1;Ei252qT()1*r~8m_MNJ=0f\X | ^eAw1;Ei252qT()1*r~8m_MNJ=0f\X | ^eAw1;Ei252qT()1*r~8m_MNJ=0f\X | ^eAw1;Ei252qT()1*r~8m_MNJ=0f\X
gpt2-large,30,8,100.00,^eAw1;Ei252qT()1*r~8m_MNJ=0f\X,^eAw1;Ei252qT()1*r~8m_MNJ=0f\X | ^eAw1;Ei252qT()1*r~8m_MNJ=0f\X | ^eAw1;Ei252qT()1*r~8m_MNJ=0f\X | ^eAw1;Ei252qT()1*r~8m_MNJ=0f\X | ^eAw1;Ei252qT()1*r~8m_MNJ=0f\X | ^eAw1;Ei252qT()1*r~8m_MNJ=0f\X | ^eAw1;Ei252qT()1*r~8m_MNJ=0f\X | ^eAw1;Ei252qT()1*r~8m_MNJ=0f\X | ^eAw1;Ei252qT()1*r~8m_MNJ=0f\X | ^eAw1;Ei252qT()1*r~8m_MNJ=0f\X
gpt2-large,30,16,100.00,^eAw1;Ei252qT()1*r~8m_MNJ=0f\X,^eAw1;Ei252qT()1*r~8m_MNJ=0f\X | ^eAw1;Ei252qT()1*r~8m_MNJ=0f\X | ^eAw1;Ei252qT()1*r~8m_MNJ=0f\X | ^eAw1;Ei252qT()1*r~8m_MNJ=0f\X | ^eAw1;Ei252qT()1*r~8m_MNJ=0f\X | ^eAw1;Ei252qT()1*r~8m_MNJ=0f\X | ^eAw1;Ei252qT()1*r~8m_MNJ=0f\X | ^eAw1;Ei252qT()1*r~8m_MNJ=0f\X | ^eAw1;Ei252qT()1*r~8m_MNJ=0f\X | ^eAw1;Ei252qT()1*r~8m_MNJ=0f\X
gpt2-large,30,32,100.00,^eAw1;Ei252qT()1*r~8m_MNJ=0f\X,^eAw1;Ei252qT()1*r~8m_MNJ=0f\X | ^eAw1;Ei252qT()1*r~8m_MNJ=0f\X | ^eAw1;Ei252qT()1*r~8m_MNJ=0f\X | ^eAw1;Ei252qT()1*r~8m_MNJ=0f\X | ^eAw1;Ei252qT()1*r~8m_MNJ=0f\X | ^eAw1;Ei252qT()1*r~8m_MNJ=0f\X | ^eAw1;Ei252qT()1*r~8m_MNJ=0f\X | ^eAw1;Ei252qT()1*r~8m_MNJ=0f\X | ^eAw1;Ei252qT()1*r~8m_MNJ=0f\X | ^eAw1;Ei252qT()1*r~8m_MNJ=0f\X
gpt2-xl,10,1,100.00,?0xHV}x&zF,?0xHV}x&zF | ?0xHV}x&zF | ?0xHV}x&zF | ?0xHV}x&zF | ?0xHV}x&zF | ?0xHV}x&zF | ?0xHV}x&zF | ?0xHV}x&zF | ?0xHV}x&zF | ?0xHV}x&zF
gpt2-xl,10,2,100.00,?0xHV}x&zF,?0xHV}x&zF | ?0xHV}x&zF | ?0xHV}x&zF | ?0xHV}x&zF | ?0xHV}x&zF | ?0xHV}x&zF | ?0xHV}x&zF | ?0xHV}x&zF | ?0xHV}x&zF | ?0xHV}x&zF
gpt2-xl,10,4,100.00,?0xHV}x&zF,?0xHV}x&zF | ?0xHV}x&zF | ?0xHV}x&zF | ?0xHV}x&zF | ?0xHV}x&zF | ?0xHV}x&zF | ?0xHV}x&zF | ?0xHV}x&zF | ?0xHV}x&zF | ?0xHV}x&zF
gpt2-xl,10,8,100.00,?0xHV}x&zF,?0xHV}x&zF | ?0xHV}x&zF | ?0xHV}x&zF | ?0xHV}x&zF | ?0xHV}x&zF | ?0xHV}x&zF | ?0xHV}x&zF | ?0xHV}x&zF | ?0xHV}x&zF | ?0xHV}x&zF
gpt2-xl,10,16,100.00,?0xHV}x&zF,?0xHV}x&zF | ?0xHV}x&zF | ?0xHV}x&zF | ?0xHV}x&zF | ?0xHV}x&zF | ?0xHV}x&zF | ?0xHV}x&zF | ?0xHV}x&zF | ?0xHV}x&zF | ?0xHV}x&zF
gpt2-xl,10,32,100.00,?0xHV}x&zF,?0xHV}x&zF | ?0xHV}x&zF | ?0xHV}x&zF | ?0xHV}x&zF | ?0xHV}x&zF | ?0xHV}x&zF | ?0xHV}x&zF | ?0xHV}x&zF | ?0xHV}x&zF | ?0xHV}x&zF
gpt2-xl,20,1,100.00,#1&Y6uy;:8B'80EujQhb,#1&Y6uy;:8B'80EujQhb | #1&Y6uy;:8B'80EujQhb | #1&Y6uy;:8B'80EujQhb | #1&Y6uy;:8B'80EujQhb | #1&Y6uy;:8B'80EujQhb | #1&Y6uy;:8B'80EujQhb | #1&Y6uy;:8B'80EujQhb | #1&Y6uy;:8B'80EujQhb | #1&Y6uy;:8B'80EujQhb | #1&Y6uy;:8B'80EujQhb
gpt2-xl,20,2,100.00,#1&Y6uy;:8B'80EujQhb,#1&Y6uy;:8B'80EujQhb | #1&Y6uy;:8B'80EujQhb | #1&Y6uy;:8B'80EujQhb | #1&Y6uy;:8B'80EujQhb | #1&Y6uy;:8B'80EujQhb | #1&Y6uy;:8B'80EujQhb | #1&Y6uy;:8B'80EujQhb | #1&Y6uy;:8B'80EujQhb | #1&Y6uy;:8B'80EujQhb | #1&Y6uy;:8B'80EujQhb
gpt2-xl,20,4,100.00,#1&Y6uy;:8B'80EujQhb,#1&Y6uy;:8B'80EujQhb | #1&Y6uy;:8B'80EujQhb | #1&Y6uy;:8B'80EujQhb | #1&Y6uy;:8B'80EujQhb | #1&Y6uy;:8B'80EujQhb | #1&Y6uy;:8B'80EujQhb | #1&Y6uy;:8B'80EujQhb | #1&Y6uy;:8B'80EujQhb | #1&Y6uy;:8B'80EujQhb | #1&Y6uy;:8B'80EujQhb
gpt2-xl,20,8,100.00,#1&Y6uy;:8B'80EujQhb,#1&Y6uy;:8B'80EujQhb | #1&Y6uy;:8B'80EujQhb | #1&Y6uy;:8B'80EujQhb | #1&Y6uy;:8B'80EujQhb | #1&Y6uy;:8B'80EujQhb | #1&Y6uy;:8B'80EujQhb | #1&Y6uy;:8B'80EujQhb | #1&Y6uy;:8B'80EujQhb | #1&Y6uy;:8B'80EujQhb | #1&Y6uy;:8B'80EujQhb
gpt2-xl,20,16,100.00,#1&Y6uy;:8B'80EujQhb,#1&Y6uy;:8B'80EujQhb | #1&Y6uy;:8B'80EujQhb | #1&Y6uy;:8B'80EujQhb | #1&Y6uy;:8B'80EujQhb | #1&Y6uy;:8B'80EujQhb | #1&Y6uy;:8B'80EujQhb | #1&Y6uy;:8B'80EujQhb | #1&Y6uy;:8B'80EujQhb | #1&Y6uy;:8B'80EujQhb | #1&Y6uy;:8B'80EujQhb
gpt2-xl,20,32,100.00,#1&Y6uy;:8B'80EujQhb,#1&Y6uy;:8B'80EujQhb | #1&Y6uy;:8B'80EujQhb | #1&Y6uy;:8B'80EujQhb | #1&Y6uy;:8B'80EujQhb | #1&Y6uy;:8B'80EujQhb | #1&Y6uy;:8B'80EujQhb | #1&Y6uy;:8B'80EujQhb | #1&Y6uy;:8B'80EujQhb | #1&Y6uy;:8B'80EujQhb | #1&Y6uy;:8B'80EujQhb
gpt2-xl,30,1,100.00,"%%AZ$iNuI(+[#}D(T@k/P\% oDg&Z""","%%AZ$iNuI(+[#}D(T@k/P\% oDg&Z"" | %%AZ$iNuI(+[#}D(T@k/P\% oDg&Z"" | %%AZ$iNuI(+[#}D(T@k/P\% oDg&Z"" | %%AZ$iNuI(+[#}D(T@k/P\% oDg&Z"" | %%AZ$iNuI(+[#}D(T@k/P\% oDg&Z"" | %%AZ$iNuI(+[#}D(T@k/P\% oDg&Z"" | %%AZ$iNuI(+[#}D(T@k/P\% oDg&Z"" | %%AZ$iNuI(+[#}D(T@k/P\% oDg&Z"" | %%AZ$iNuI(+[#}D(T@k/P\% oDg&Z"" | %%AZ$iNuI(+[#}D(T@k/P\% oDg&Z"""
gpt2-xl,30,2,100.00,"%%AZ$iNuI(+[#}D(T@k/P\% oDg&Z""","%%AZ$iNuI(+[#}D(T@k/P\% oDg&Z"" | %%AZ$iNuI(+[#}D(T@k/P\% oDg&Z"" | %%AZ$iNuI(+[#}D(T@k/P\% oDg&Z"" | %%AZ$iNuI(+[#}D(T@k/P\% oDg&Z"" | %%AZ$iNuI(+[#}D(T@k/P\% oDg&Z"" | %%AZ$iNuI(+[#}D(T@k/P\% oDg&Z"" | %%AZ$iNuI(+[#}D(T@k/P\% oDg&Z"" | %%AZ$iNuI(+[#}D(T@k/P\% oDg&Z"" | %%AZ$iNuI(+[#}D(T@k/P\% oDg&Z"" | %%AZ$iNuI(+[#}D(T@k/P\% oDg&Z"""
gpt2-xl,30,4,100.00,"%%AZ$iNuI(+[#}D(T@k/P\% oDg&Z""","%%AZ$iNuI(+[#}D(T@k/P\% oDg&Z"" | %%AZ$iNuI(+[#}D(T@k/P\% oDg&Z"" | %%AZ$iNuI(+[#}D(T@k/P\% oDg&Z"" | %%AZ$iNuI(+[#}D(T@k/P\% oDg&Z"" | %%AZ$iNuI(+[#}D(T@k/P\% oDg&Z"" | %%AZ$iNuI(+[#}D(T@k/P\% oDg&Z"" | %%AZ$iNuI(+[#}D(T@k/P\% oDg&Z"" | %%AZ$iNuI(+[#}D(T@k/P\% oDg&Z"" | %%AZ$iNuI(+[#}D(T@k/P\% oDg&Z"" | %%AZ$iNuI(+[#}D(T@k/P\% oDg&Z"""
gpt2-xl,30,8,100.00,"%%AZ$iNuI(+[#}D(T@k/P\% oDg&Z""","%%AZ$iNuI(+[#}D(T@k/P\% oDg&Z"" | %%AZ$iNuI(+[#}D(T@k/P\% oDg&Z"" | %%AZ$iNuI(+[#}D(T@k/P\% oDg&Z"" | %%AZ$iNuI(+[#}D(T@k/P\% oDg&Z"" | %%AZ$iNuI(+[#}D(T@k/P\% oDg&Z"" | %%AZ$iNuI(+[#}D(T@k/P\% oDg&Z"" | %%AZ$iNuI(+[#}D(T@k/P\% oDg&Z"" | %%AZ$iNuI(+[#}D(T@k/P\% oDg&Z"" | %%AZ$iNuI(+[#}D(T@k/P\% oDg&Z"" | %%AZ$iNuI(+[#}D(T@k/P\% oDg&Z"""
gpt2-xl,30,16,100.00,"%%AZ$iNuI(+[#}D(T@k/P\% oDg&Z""","%%AZ$iNuI(+[#}D(T@k/P\% oDg&Z"" | %%AZ$iNuI(+[#}D(T@k/P\% oDg&Z"" | %%AZ$iNuI(+[#}D(T@k/P\% oDg&Z"" | %%AZ$iNuI(+[#}D(T@k/P\% oDg&Z"" | %%AZ$iNuI(+[#}D(T@k/P\% oDg&Z"" | %%AZ$iNuI(+[#}D(T@k/P\% oDg&Z"" | %%AZ$iNuI(+[#}D(T@k/P\% oDg&Z"" | %%AZ$iNuI(+[#}D(T@k/P\% oDg&Z"" | %%AZ$iNuI(+[#}D(T@k/P\% oDg&Z"" | %%AZ$iNuI(+[#}D(T@k/P\% oDg&Z"""
gpt2-xl,30,32,99.00,"%%AZ$iNuI(+[#}D(T@k/P\% oDg&Z""","%%AZ$iNuI(+[#}D(T@k/P\% oDg&Z"" | %%AZ$iNuI(+[#}D(T@k/P\% oDg&Z"" | %%AZ$iNuI(+[#}D(T@k/P\% oDg&Z"" | %%AZ$iNuI(+[#}D(T@k/P\% oDg&Z"" | %%AZ$iNuI(+[#}D(T@k/P\% oDg&Z"" | %%AZ$iNuI(+[#}D(T@k/P\% oDg&Z"" | %%AZ$iNuI(+[#}D(T@k/P\% oDg&Z"" | %%AZ$iNuI(+[#}D(T@k/P\% oDg&Z"" | %%AZ$iNuI(+[#}D(T@k/P\% oDg&Z"" | %%AZ$iNuI(+[#}D(T@k/P\% oDg&Z"""
gpt2,30,1000,1,84.00,"b:tsL/U(Y]dQUYm\""?M}ckf6zaN)n(","b:tsL/U(Y]dQUYm\""?M}ckf6zaN)n( | b.tsL/U(Y]dQUYm\""?M}ckf6zaN)n( | b:tsL/U(Y]dQUYm\""?M}ckf6zaN)n( | b:tsL/U(Y]dQUYm\""?M}ckf6zaN)n( | b:tsL/U(Y]dQUYm\""?M}ckf6zaN)n( | b:tsL/U(Y]dQUYm\""?M}ckf6zaN)n( | b:tsL/U(Y]dQUYm\""?M}ckf6zaN)n( | b\n\ntsL/U(Y]dQUYm\""?M}ckf6zaN)n | b:tsL/U(Y]dQUYm\""?M}ckf6zaN)n( | b:tsL/U(Y]dQUYm\""?M}ckf6zaN)n("
gpt2,30,5000,1,100.00,"+`EZ'uJe""AX,+ fWu&8""^JVsz6a$=l","+`EZ'uJe""AX,+ fWu&8""^JVsz6a$=l | +`EZ'uJe""AX,+ fWu&8""^JVsz6a$=l | +`EZ'uJe""AX,+ fWu&8""^JVsz6a$=l | +`EZ'uJe""AX,+ fWu&8""^JVsz6a$=l | +`EZ'uJe""AX,+ fWu&8""^JVsz6a$=l | +`EZ'uJe""AX,+ fWu&8""^JVsz6a$=l | +`EZ'uJe""AX,+ fWu&8""^JVsz6a$=l | +`EZ'uJe""AX,+ fWu&8""^JVsz6a$=l | +`EZ'uJe""AX,+ fWu&8""^JVsz6a$=l | +`EZ'uJe""AX,+ fWu&8""^JVsz6a$=l"
gpt2,30,5000,2,100.00,"+`EZ'uJe""AX,+ fWu&8""^JVsz6a$=l","+`EZ'uJe""AX,+ fWu&8""^JVsz6a$=l | +`EZ'uJe""AX,+ fWu&8""^JVsz6a$=l | +`EZ'uJe""AX,+ fWu&8""^JVsz6a$=l | +`EZ'uJe""AX,+ fWu&8""^JVsz6a$=l | +`EZ'uJe""AX,+ fWu&8""^JVsz6a$=l | +`EZ'uJe""AX,+ fWu&8""^JVsz6a$=l | +`EZ'uJe""AX,+ fWu&8""^JVsz6a$=l | +`EZ'uJe""AX,+ fWu&8""^JVsz6a$=l | +`EZ'uJe""AX,+ fWu&8""^JVsz6a$=l | +`EZ'uJe""AX,+ fWu&8""^JVsz6a$=l"
gpt2,100,1000,1,86.00,">Zf8(GWb02Jh[_r*azqmExC&+w5OF)].v224.c\0ni}up9nx~sb0Y?1`qQ4""#pr$+ao&@>Kwd GFc(hp??`T<TNa=\P6?z=)%2H;",">Zf8(GWb02Jh[_r*azqmExC&+w5OF)].v224.c\0ni}up9nx~sb0Y?1`qQ4""#pr$+ao&@>Kwd GFc(hp??`T<TNa=\P6?z=)%2H; | >Zf8(GWb02Jh[_r*azqmExC&+w5OF)].v224.c\0ni}up9nx~sb0Y?1`qQ4""#pr$+ao&@>Kwd GFc(hp??`T<TNa=\P6?z=)%2H; | >Zf8(GWb02Jh[_r*azqmExC&+w5OF)].v224.c\0ni}up9nx~sb0Y?1`qQ4""#pr$+ao&@>Kwd GFc(hp??`T<TNa=\P6?z=)%2H; | >Zf8(GWb02Jh[_r*azqmExC&+w5OF)].v224.c\0ni}up9nx~sb0Y?1`qQ4""#pr$+ao&@>Kwd GFc(hp??`T<TNa=\P6?z=)%2H; | >Zf8(GWb02Jh[_r*azqmExC&+w5OF)].v224.c\0ni}up9nx~sb0Y?1`qQ4""#pr$+ao&@>Kwd GFc(hp??`T<TNa=\P6?z=)%2H; | >Zf8(GWb02Jh[_r*azqmExC&+w5OF)].v224.c\0ni}up9nx~sb0Y?1`qQ4""#pr$+ao&@>Kwd GFc(hp??`T<TNa=\P6?z=)%2H; | >Zf8(GWb02Jh[_r*azqmExC&+w5OF)].v224.c\0ni}up9nx~sb0Y?1`qQ4""#pr$+ao&@>Kwd GFc(hp??`T<TNa=\P6?z=)%2H; | >Zf8(GWb02Jh[_r*azqmExC&+w5OF)].v224.c\0ni}up9nx~sb0Y?1`qQ4""#pr$+ao&@>Kwd GFc(hp??`T<TNa=\P6?z=)%2H; | >D\v+w8(GWb02Jh[_r*azqmExC&+w5OF)].v224.c\0ni}up9nx~sb0Y?1`qQ4""#pr$+ao&@>Kwd GFc(hp??`T<TNa=\P6?z=)% | >Zf8(GWb02Jh[_r*azqmExC&+w5OF)].v224.c\0ni}up9nx~sb0Y?1`qQ4""#pr$+ao&@>Kwd GFc(hp??`T<TNa=\P6?z=)%2H;"
gpt2,100,1000,2,85.00,">Zf8(GWb02Jh[_r*azqmExC&+w5OF)].v224.c\0ni}up9nx~sb0Y?1`qQ4""#pr$+ao&@>Kwd GFc(hp??`T<TNa=\P6?z=)%2H;",">Zf8(GWb02Jh[_r*azqmExC&+w5OF)].v224.c\0ni}up9nx~sb0Y?1`qQ4""#pr$+ao&@>Kwd GFc(hp??`T<TNa=\P6?z=)%2H; | >Zf8(GWb02Jh[_r*azqmExC&+w5OF)].v224.c\0ni}up9nx~sb0Y?1`qQ4""#pr$+ao&@>Kwd GFc(hp??`T<TNa=\P6?z=)%2H; | >Zf8(GWb02Jh[_r*azqmExC&+w5OF)].v224.c\0ni}up9nx~sb0Y?1`qQ4""#pr$+ao&@>Kwd GFc(hp??`T<TNa=\P6?z=)%2H; | >I(Cb02Jh[_r*azqmExC&+w5OF)].v224.c\0ni}up9nx~sb0Y?1`qQ4""#pr$+ao&@>Kwd GFc(hp??`T<TNa=\P6?z=)%2H;%2 | >Zf8(GWb02Jh[_r*azqmExC&+w5OF)].v224.c\0ni}up9nx~sb0Y?1`qQ4""#pr$+ao&@>Kwd GFc(hp??`T<TNa=\P6?z=)%2H; | >Zf8(GWb02Jh[_r*azqmExC&+w5OF)].v224.c\0ni}up9nx~sb0Y?1`qQ4""#pr$+ao&@>Kwd GFc(hp??`T<TNa=\P6?z=)%2H; | >Zf8(GWb02Jh[_r*azqmExC&+w5OF)].v224.c\0ni}up9nx~sb0Y?1`qQ4""#pr$+ao&@>Kwd GFc(hp??`T<TNa=\P6?z=)%2H; | >Zf8(GWb02Jh[_r*azqmExC&+w5OF)].v224.c\0ni}up9nx~sb0Y?1`qQ4""#pr$+ao&@>Kwd GFc(hp??`T<TNa=\P6?z=)%2H; | >Zf8(GWb02Jh[_r*azqmExC&+w5OF)].v224.c\0ni}up9nx~sb0Y?1`qQ4""#pr$+ao&@>Kwd GFc(hp??`T<TNa=\P6?z=)%2H; | >Zf8(GWb02Jh[_r*azqmExC&+w5OF)].v224.c\0ni}up9nx~sb0Y?1`qQ4""#pr$+ao&@>Kwd GFc(hp??`T<TNa=\P6?z=)%2H;"
gpt2,100,5000,1,99.00,"`SQ"".^AG:`drC!&]T +pg:GlHCr.O$$ca@_ 4mG@z}kw.1 !tD7TG#F<&:<nzp:6O>f!^V$P(8ayk `7[9SgB"";Cyw31~eo=bQ->","`SQ"".^AG:`drC!&]T +pg:GlHCr.O$$ca@_ 4mG@z}kw.1 !tD7TG#F<&:<nzp:6O>f!^V$P(8ayk `7[9SgB"";Cyw31~eo=bQ-> | `SQ"".^AG:`drC!&]T +pg:GlHCr.O$$ca@_ 4mG@z}kw.1 !tD7TG#F<&:<nzp:6O>f!^V$P(8ayk `7[9SgB"";Cyw31~eo=bQ-> | `SQ"".^AG:`drC!&]T +pg:GlHCr.O$$ca@_ 4mG@z}kw.1 !tD7TG#F<&:<nzp:6O>f!^V$P(8ayk `7[9SgB"";Cyw31~eo=bQ-> | `SQ"".^AG:`drC!&]T +pg:GlHCr.O$$ca@_ 4mG@z}kw.1 !tD7TG#F<&:<nzp:6O>f!^V$P(8ayk `7[9SgB"";Cyw31~eo=bQ-> | `SQ"".^AG:`drC!&]T +pg:GlHCr.O$$ca@_ 4mG@z}kw.1 !tD7TG#F<&:<nzp:6O>f!^V$P(8ayk `7[9SgB"";Cyw31~eo=bQ-> | `SQ"".^AG:`drC!&]T +pg:GlHCr.O$$ca@_ 4mG@z}kw.1 !tD7TG#F<&:<nzp:6O>f!^V$P(8ayk `7[9SgB"";Cyw31~eo=bQ-> | `SQ"".^AG:`drC!&]T +pg:GlHCr.O$$ca@_ 4mG@z}kw.1 !tD7TG#F<&:<nzp:6O>f!^V$P(8ayk `7[9SgB"";Cyw31~eo=bQ-> | `SQ"".^AG:`drC!&]T +pg:GlHCr.O$$ca@_ 4mG@z}kw.1 !tD7TG#F<&:<nzp:6O>f!^V$P(8ayk `7[9SgB"";Cyw31~eo=bQ-> | `SQ"".^AG:`drC!&]T +pg:GlHCr.O$$ca@_ 4mG@z}kw.1 !tD7TG#F<&:<nzp:6O>f!^V$P(8ayk `7[9SgB"";Cyw31~eo=bQ-> | `SQ"".^AG:`drC!&]T +pg:GlHCr.O$$ca@_ 4mG@z}kw.1 !tD7TG#F<&:<nzp:6O>f!^V$P(8ayk `7[9SgB"";Cyw31~eo=bQ->"
gpt2,100,5000,2,100.00,"`SQ"".^AG:`drC!&]T +pg:GlHCr.O$$ca@_ 4mG@z}kw.1 !tD7TG#F<&:<nzp:6O>f!^V$P(8ayk `7[9SgB"";Cyw31~eo=bQ->","`SQ"".^AG:`drC!&]T +pg:GlHCr.O$$ca@_ 4mG@z}kw.1 !tD7TG#F<&:<nzp:6O>f!^V$P(8ayk `7[9SgB"";Cyw31~eo=bQ-> | `SQ"".^AG:`drC!&]T +pg:GlHCr.O$$ca@_ 4mG@z}kw.1 !tD7TG#F<&:<nzp:6O>f!^V$P(8ayk `7[9SgB"";Cyw31~eo=bQ-> | `SQ"".^AG:`drC!&]T +pg:GlHCr.O$$ca@_ 4mG@z}kw.1 !tD7TG#F<&:<nzp:6O>f!^V$P(8ayk `7[9SgB"";Cyw31~eo=bQ-> | `SQ"".^AG:`drC!&]T +pg:GlHCr.O$$ca@_ 4mG@z}kw.1 !tD7TG#F<&:<nzp:6O>f!^V$P(8ayk `7[9SgB"";Cyw31~eo=bQ-> | `SQ"".^AG:`drC!&]T +pg:GlHCr.O$$ca@_ 4mG@z}kw.1 !tD7TG#F<&:<nzp:6O>f!^V$P(8ayk `7[9SgB"";Cyw31~eo=bQ-> | `SQ"".^AG:`drC!&]T +pg:GlHCr.O$$ca@_ 4mG@z}kw.1 !tD7TG#F<&:<nzp:6O>f!^V$P(8ayk `7[9SgB"";Cyw31~eo=bQ-> | `SQ"".^AG:`drC!&]T +pg:GlHCr.O$$ca@_ 4mG@z}kw.1 !tD7TG#F<&:<nzp:6O>f!^V$P(8ayk `7[9SgB"";Cyw31~eo=bQ-> | `SQ"".^AG:`drC!&]T +pg:GlHCr.O$$ca@_ 4mG@z}kw.1 !tD7TG#F<&:<nzp:6O>f!^V$P(8ayk `7[9SgB"";Cyw31~eo=bQ-> | `SQ"".^AG:`drC!&]T +pg:GlHCr.O$$ca@_ 4mG@z}kw.1 !tD7TG#F<&:<nzp:6O>f!^V$P(8ayk `7[9SgB"";Cyw31~eo=bQ-> | `SQ"".^AG:`drC!&]T +pg:GlHCr.O$$ca@_ 4mG@z}kw.1 !tD7TG#F<&:<nzp:6O>f!^V$P(8ayk `7[9SgB"";Cyw31~eo=bQ->"
gpt2,100,5000,4,98.00,"`SQ"".^AG:`drC!&]T +pg:GlHCr.O$$ca@_ 4mG@z}kw.1 !tD7TG#F<&:<nzp:6O>f!^V$P(8ayk `7[9SgB"";Cyw31~eo=bQ->","`SQ"".^AG:`drC!&]T +pg:GlHCr.O$$ca@_ 4mG@z}kw.1 !tD7TG#F<&:<nzp:6O>f!^V$P(8ayk `7[9SgB"";Cyw31~eo=bQ-> | `SQ"".^AG:`drC!&]T +pg:GlHCr.O$$ca@_ 4mG@z}kw.1 !tD7TG#F<&:<nzp:6O>f!^V$P(8ayk `7[9SgB"";Cyw31~eo=bQ-> | `SQ"".^AG:`drC!&]T +pg:GlHCr.O$$ca@_ 4mG@z}kw.1 !tD7TG#F<&:<nzp:6O>f!^V$P(8ayk `7[9SgB"";Cyw31~eo=bQ-> | `SQ"".^AG:`drC!&]T +pg:GlHCr.O$$ca@_ 4mG@z}kw.1 !tD7TG#F<&:<nzp:6O>f!^V$P(8ayk `7[9SgB"";Cyw31~eo=bQ-> | `SQ"".^AG:`drC!&]T +pg:GlHCr.O$$ca@_ 4mG@z}kw.1 !tD7TG#F<&:<nzp:6O>f!^V$P(8ayk `7[9SgB"";Cyw31~eo=bQ-> | `SQ"".^AG:`drC!&]T +pg:GlHCr.O$$ca@_ 4mG@z}kw.1 !tD7TG#F<&:<nzp:6O>f!^V$P(8ayk `7[9SgB"";Cyw31~eo=bQ-> | `SQ"".^AG:`drC!&]T +pg:GlHCr.O$$ca@_ 4mG@z}kw.1 !tD7TG#F<&:<nzp:6O>f!^V$P(8ayk `7[9SgB"";Cyw31~eo=bQ-> | `SQ"".^AG:`drC!&]T +pg:GlHCr.O$$ca@_ 4mG@z}kw.1 !tD7TG#F<&:<nzp:6O>f!^V$P(8ayk `7[9SgB"";Cyw31~eo=bQ-> | `SQ"".^AG:`drC!&]T +pg:GlHCr.O$$ca@_ 4mG@z}kw.1 !tD7TG#F<&:<nzp:6O>f!^V$P(8ayk `7[9SgB"";Cyw31~eo=bQ-> | `SQ"".^AG:`drC!&]T +pg:GlHCr.O$$ca@_ 4mG@z}kw.1 !tD7TG#F<&:<nzp:6O>f!^V$P(8ayk `7[9SgB"";Cyw31~eo=bQ->"
gpt2,100,1000,1,19.00,"8w[NIsv/mIUHeb-S`0Ep""gt0'iX9LctJVw94$I<tDLA-*T#?e i!q)IOyCpAo1h2`^??R.BsV~s\l5#F-PJSI-/Ct7EI,:03C\Aj","81.QIsv/mIUHeb-S`0Ep""gt0'iX9LctJVw94$I<tDLA-*T#?e i!q)IOyCpAo1h2`^??R.BsV~s\l5#F-PJSI-/Ct7EI,:03C\Aj | 8rv[mIUHeb-S`0Ep""gt0'iX9LctJVw94$I<tDLA-*T#?e i!q)IOyCpAo1h2`^??R.BsV~s\l5#F-PJSI-/Ct7EI,:03C\Aj01C\ | 8a[NEwv/mIUHeb-S`0Ep""gt0'iX9LctJVw94$I<tDLA-*T#?e i!q)IOyCpAo1h2`^??R.BsV~s\l5#F-PJSI-/Ct7EI,:03C\Aj | 81F-SUB[NIsY)IUHeb-S`0Ep""gt0'iX9LctJVw94$I<tDLA-*T#?e i!q)IOyCpAo1h2`^??R.BsV~s\l5#F-PJSI-/Ct7EI,:03C | 8,a[R.A[L[jS`0Ep""gt0'iX9LctJVw94$I<tDLA-*T#?e i!q)IOyCpAo1h2`^??R.BsV~s\l5#F-PJSI-/Ct7EI,:03C\Aj7 | 8W[NIsv/mIUHeb-S`0Ep""gt0'iX9LctJVw94$I<tDLA-*T#?e i!q)IOyCpAo1h2`^??R.BsV~s\l5#F-PJSI-/Ct7EI,:03C\Aj | 8W[NIsv/mIUHeb-S`0Ep""gt0'iX9LctJVw94$I<tDLA-*T#?e i!q)IOyCpAo1h2`^??R.BsV~s\l5#F-PJSI-/Ct7EI,:03C\Aj | 8vF-mIUHeb-S`0Ep""gt0'iX9LctJVw94$I<tDLA-*T#?e i!q)IOyCpAo1h2`^??R.BsV~s\l5#F-PJSI-/Ct7EI,:03C\AjSI-/ | 82) [FWD[CMH-S`0Ep""gt0'iX9LctJVw94$I<tDLA-*T#?e i!q)IOyCpAo1h2`^??R.BsV~s\l5#F-PJSI-/Ct7EI,:03C\Aj\A | 8-nOIsv/mIUHeb-S`0Ep""gt0'iX94$I<tDLA-*T#?e i!q)IOyCpAo1h2`^??R.BsV~s\l5#F-PJSI-/Ct7EI,:03C\AjPI,:03C"
gpt2,100,500,1,0.00,"u>%nn>Wl?m}_<y^&s9G1,%_s3__BcYmUiv~<^/M.f%'[>QC7P.w-NK;-'G\<""5$vTx(\Twm^eLs6N_TwHG3o4KGu7<vC<eRVMsCf","u\n\nhttps://www.rsn.org/hltp/status/47405536001?__lsn%2F%2Fchampionship-fe7n%2F%207N.dtsjtN.mQ&r=eRiv%3Cwww%2Fwww%2Fwww.rsn.org/mHwnoV/status-pages | uin is my wife.""\n\nThe man, with a beard, stared at the man, like a snake.\n\nThe dog, who had been silent, came rushing forwards at the same time, his expression slightly distorted, his voice somewhat husky. Then they held their breath for an instant, and a man with huge eyes said: ""Father, we love that dog.""\n\nThe man nodded. ""As for me | u.docx/v7z.5-n.5m.4-n.5-​ubuntu16-3.1-3.5~ubuntu12-2.5~t1~m9~%_<ubuntu1>~ubuntu8~vmdk>v~vp.0-​debian14-v3-3-4-5-6>ubuntu7~vgeo | u_zwf=_lm&s3Q&wC1,%_s3KsY1M.f%_m4G1~<^/QC7P.f%'[>QC7P.w-NK;-'G\<""5$vTx(\Twm^eLs6N_TwHG3o4KGu7<vC | u)%nn}Wl?m}_<y^&s9G1,%_s3__BcYmUiv~<^/M.f%'[>QC7P.w-NK;-'G\<""5$vTx(\Twm^eLs6N_TwHG3o4KGu7<vC<eRVMsCf | u\n\nGardaíngkórn\n\n(t) giỘlchts\n\n(21) gihchsⁿm¡sⁿm\n\n(23) ἐmỘls(t)ghiồlʼsⁿeLmCmCfe\n\n(-) giỘlz | u:r:mov/m}?m}_<y^&s9G1,%_s3__BcYmUiv~<^/M.f%'[>QC7P.w-NK;-'G\<""5$vTx(\twm^eLs6N_TwHG3o4KGu7<vC<eRVMs | u,d9jf>&u^&y^&m^&s9G1,%_s3__BcYmUiv~<^/M.f%'[>QC7P.w-NK;-'G\<""5$vTx(\Twm^eLs6N_TwHG3o4KGu7<vC<eRVMs | u.dummy}&c!_<y^mg%&m^&s9G1,%_s3__BcYmUiv~<^/M.f%'[>QC7P.w-NK;-'G\<""5$vTx(\Twm^eLs6N_TwHG3o4KGu7<vC<eRV | u-x?m\ n : an inferior or superior functionality; specij^ly>y>s>s3s^s9G.s7.s.s6-'s5-s3k-lists*s7\ n : a functionality or stateful state \(s3-'s6-v9n(\nds\)s3rV\ n : one that performs a"
gpt2,100,500,2,1.00,"u>%nn>Wl?m}_<y^&s9G1,%_s3__BcYmUiv~<^/M.f%'[>QC7P.w-NK;-'G\<""5$vTx(\Twm^eLs6N_TwHG3o4KGu7<vC<eRVMsCf","u.pz?t.mf}_<y^&s9Uiv~^&s9G1,%_s3__BcYmUiv~<^/M.f%'[>QC7P.w-NK;-'G\<""5$vTx(\Twm^eLs6N_TwHG3o4KGu7<vC | u""\v>&y^&s9G1,%_s3__BcYmUiv~<^/M.f%'[>QC7P.w-NK;-'G\<""5$VRNK;-'G\<""5$vTx(\Twm^eLs6N_TwHG3o4KGu7<vC<eRV | u.5z5%c%9_1%_m%d%e_lw_s_UCC.fYmUCC.fZF;%_""_""__;_""__""__""__""__""__""__;_""__""__""__""__""__;""__""__""_""__""__""__""__""_""__ | u.e.h.m.o.f.f.f.f.f.f.f.f.f.f.f.m.f.f.f.f"" }, { ""type"": ""dollar"", ""attributes"": [ { ""name"": ""e.m.o.f.f.n.f.f.f.f"" }, { ""type"": ""e. | error | u and t>y>Wl? m>s9G1,%_s9G,%_s3__BcYmUiv~<^/M.f%'[>QC7P.w-NK;-'G\<""5$vTx(\Twm^eLs6N_TwHG3o4KGu7<vC<eRVMs | u-l3p-nn-'m8g-sR.f~\ n [NL, fr. L, fr. L, fr. L, neut. L, p/f, a; a\ n [NL, fr. L, neut. L, pp. of miiicroslita_s5-f3o4-'m6n3\ adv L euLefl | u3y5U3f0WlY2vyU3m}%_%_[S9>%QCYmUiv~<^/M.f%'[>QC7P.w-NK;-'G\<""5$vTx(\Twm^eLs6N_TwHG3o4KGu7<vC<eRVMsC | u:\;qs-iy^&s9G1,%_s3__BcYmUiv~<^/M.f%'[>QC7P.w-NK;-'G\<""5$vTx(\Twm^eLs6N_TwHG3o4KGu7<vC<eRVMsCfCfMsCf | error"
gpt2,100,500,4,1.00,"u>%nn>Wl?m}_<y^&s9G1,%_s3__BcYmUiv~<^/M.f%'[>QC7P.w-NK;-'G\<""5$vTx(\Twm^eLs6N_TwHG3o4KGu7<vC<eRVMsCf","u)f}<nn>&s9G1,%_s3__BcYmUiv~<^/M.f%'[>QC7P.w-NK;-'G\<""5$vTx(\Twm^eLs6N_TwHG3o4KGu7<vC<eRVMsCfM.eRVMsH | u that was his choice.)\n\nNow, the question becomes if the game can maintain that consistency, while simultaneously bringing in more players and making that match more interesting, perhaps in the short to medium term, whether ""in the small"" or the long to mid-sized formats—more likely with a few players in each player pool (e.g., Lothar, Orden, van den Heuvel.)\n\nThere | u>%nn>Wl?m}_<y^&s9G1,%_s3__BcYmUiv~<^/M.f%'[>QC7P.w-NK;-'G\<""5$vTx(\Twm^eLs6N_TwHG3o4KGu7<vC<eRVMsCf | u-\u30\u65>&Wl,%_s9G0,%_s3__BcYmUiv~<^/M.f%'[>QC7P.w-NK;-'G\<""5$vTx(\Twm^eLs6N_TwHG3o4KGu7<vC<eRVMsCf | u,t,m,h,D9G0,s3o,s3U,m-s3B1,Bc7G1,C7K (```^')[>>^/M.f%NK;-'G\<""5$vTx(\Twm^eLs6N_s6KGu7<vCV<eRVMsCfCf | uA%9Cnn?s9G1,\_<mg%_s3__BcYmUiv~<^/M-NK;#;-'G\<""5$vTx(\Twm^eLs6N_TwHG3o4KGu7<vC<eRVMsCfCfCfM.fRVMsCfCf | u)>?m}_<y^&s9G1,%_s3__BcYmUiv~<^/M.f%'[>QC7P.w-NK;-'G\<""5$vTx(\Twm^eLs6N_TwHG3o4KGu7<vC<eRVMsCfMsHG3 | u and x:xl>&s9G1,%_s3__BmUiv~<^/M.f%'[>QC7P.w-NK;-'G\<""5$vTx(\Twm^eLs6N_TwHG3o4KGu7<vC<eRVMsCfCfCfM -eRV | u.php>&t&eC?m_<y^&s9G1~<_<^/M.f%'[>QC7P.w-NK;-'G\<""5$vTx(\Twm^eLs6N_TwHG3o4KGu7<vC<eRVMsCfCfM.eRHG3 | uIaRv?t%9G_<M,%_Y1Bc9G1,_TwBcYmUivC</<_<M.f%\""-'G\<""5$vTx(\TwHG3o4KGu7<vC<eRVMsCf<eRVMsCf<eRVMsCf<eR"
gpt2,100,500,1,1.00,"-Jj?(H<:;""K%6L1=^_yj5:V3%Ah.Rpx{YTXM7){ttS@*Zc:r]X_,vTlz:WhX{]p4S-g@2{_3%_(ORX1O2;CJmi^?H%zTH4r!L!Ei","-PQ1"":""c1px?1=&v3=^_yj=^_y1=Eks%3%cK3:Wh3%cK3,-]p4S-g@2{_3%_(ORX1O2;CJmi^?1O2%zTH4r!L!Ei!Ei!Ei!Ei!E | -8a]<\/s=z%2$(yj@2:_y@2:yTXL1=^_yJu.L1=^_yTXM1%Ztc:RX_,vTlz:WhX{]p4S-g@2{_3%_(ORX1O2;CJmi^?L!Ei^2! | -Pp2:*(H<:;""K%6L1=^_yj5:V3%Ah.Rpx{YTXM7){ttS@*Zc:r]X_,vTlz:WhX{]p4S-g@2{_3%_(ORX1O2;CJmi^?H%zTH4r!L! | -in-2-1.0: "" ) ( .*(yjz:@>:;"" Css-2=^_yj:y 3:V3%Ah.Rpx{]pki@2{_3:^_2,vTlz:WhX{]p3@2{_1O2O2;CJmi^?L!Ei^2 | -H/p=?v=V3%3D<%3D1=^_yj^_y3:V3%EK%ZC%Ah.Rpx{YTXM7){ttS@*Zc:r]X_,vTlz:WhX{]p4S-g@2{_2%_(ORX1O2;CJmi | -a1:0:7f5:d3a7;C[R=^_MJX:LX:V7^2]X_yj:X_,CJ3{]p4S-g@2{_3%_(ORX1O2;CJ3%_(ORX1O2;CJ3%_(ORX1O2;CJ3% | -D - 0x11 - 0x1C - 0x41 - 0x2F - 0x42 - 0x3C - 0x44 - 0x45 - 0x36 - 0x47 - 0x38 - 0x1C - 0x4C - 0x41 - 0x2F - 0x42 - 0x3C - 0x44 - 0x45 - 0x36 | -3_8: {(C3=^_^_y:_yj:y7:V3%ZC5:Rpx{YTXM7){ttS@*Zc:r]X_,vTlz:WhX{]p4S-g@2{_3%_(ORX1O2;CJmi^?Ei^?Ei^ | -E.E.E.E.E.E.E.E.E,!=y, y=y=z1, y=y+=""y@=z:R^_;ci=^_y,vS-g@2{_3:WhX{]p4@2{_3%_(ORX1O2;CJmi^?eR^?e | -.0c9._._0l=!0=y,_i=^_;O_2=vLX2=^_;AJ1O2%CJ2%zTH4r!L!Ei*Zc:rX_,vTl!Ei!Ei!AAP3?ZC!Ei!Ei!Ei!Ei!"
gpt2,100,500,2,3.00,"-Jj?(H<:;""K%6L1=^_yj5:V3%Ah.Rpx{YTXM7){ttS@*Zc:r]X_,vTlz:WhX{]p4S-g@2{_3%_(ORX1O2;CJmi^?H%zTH4r!L!Ei","-2_3.9.1_i=.2z:rep_yj:rep_yj:rep_yj:rep_zs=y:3:rep_y4:rep_zs=z:3:gx_2_4=y:rep_yz:rep_y4:zp_3=rep_yz:rep_y4:cx | -S=""&M=^_yjz:'yj7:V3%Ah.Rpx{YTXM7){ttS@*Zc:r]X_,vTlz:WhX{]p4S-g@2{_3%_(ORX1O2;CJmi^?Zc!Ei^?Ei^?WhX%zTH | -6_7: "" + "" - "" -o_6z: h=*2:v_2{:rpx_6_3: *_3%%_(v_1=^_2%3%06{:rmp_1X2%3%_(v_1=^_2%3%06;p4rX0{:~]_2%3%_( | -F:$(c)(y<2:0=^_yj:3:1{_yuck:Rpx{4S7){_1Wh7){_3S-g@2{_4S-m-g@2{_3%_(ORX1O2;CJmi^?L!2%_(ORX1O2;CJmi^?H% | -MmMn:D2j5:V3Q3%3%3%5ConLh:Wh3%4R(D9(M8.S4G{2%3O2]TP4r]X_,vTlz:Wh4%3%3%Wh3%3%oh(DTH4{2%3%3%_(HX9;C | -F)G=""@z""%3D""%25D%26""%3D%5C%C%RX_1%RX_2%ZTM6ToS]^(H1%3G%_(J2%6E2%3%_(ORX3%26;KTX1%3%_(ORX4%2%mg;CJ3%3% | -Nj?(H<:;""K%6L2=^_yj5:V3%Ah.Rpx{YTXM7){ttS@*Zc:r]X_,vTlz:WhX{]p4S-g@2{_3%_(ORX1O2;CJmi^?H%zTH4r!L!Ei | -IJ?(H<:;""K%6L1=^_yj5:V3%Ah.Rpx{YTXM7){ttS@*Zc:r]X_,vTlz:WhX{]p4S-g@2{_3%_(ORX1O2;CJmi^?H%zTH4r!L!Ei | -Jj?(H<:;""K%6L1=^_yj5:V3%Ah.Rpx{YTXM7){ttS@*Zc:r]X_,vTlz:WhX{]p4S-g@2{_3%_(ORX1O2;CJmi^?H%zTH4r!L!Ei | -Au&=G&v%3Ojyj7L2%3%3By5L3%3Ad7L2%5RX7%3RX_2%3Ad7%5RX7%4ZcJuj?VWhX%5RX3%3H2%5Ruffic{^3%An1i^;Ah!Ei^"
gpt2,100,500,4,2.00,"-Jj?(H<:;""K%6L1=^_yj5:V3%Ah.Rpx{YTXM7){ttS@*Zc:r]X_,vTlz:WhX{]p4S-g@2{_3%_(ORX1O2;CJmi^?H%zTH4r!L!Ei","-\n\nSJt(:^^^:]P^_yj3:V3%Ah.Rpx{YTXM7){ttS@*Zc:r]X_,vTlz:WhX{]p4S-g@2{_3%_(ORX1O2;CJmi^?H%zTH4r!L!Ei^? | -9&quo=https%3C%2F%2F%2Fwww.rgh.com%3RHS1=y%3Z_2%3Z%2Fwww.rgh.com%4RHS1=y%3Z%3C%2RHS1=y%4Z%4Zvazoy_2%3R!L!EiO | -2:0x008,13.0:1563) ====X(Mss=^_:X2:i(%7L2:whatt9= ^OR4:v_(OR3:Whatt9%^;CJmi^?X2:Whatt9%^;CJmi^?X2:Whatt9%^;CJmi^?X2: | -S2x=http://www.jquery.com/v=http://www.jquery.com/v=http://www.jquery.com/v=http://www.jquery.com/v=http://www.jquery.com/v=http://www.jquery.com/v=http://www.jquery.com/v=http://www.jquery. | -\n\nHOLIDAY!!! YELLOW!!\n\nHmmmmmm? Ohhhh? That is so y- | -1 - - - - - - /u/XO_:*(HX:V3:L1= Mj5:V3%AhX{]p4@2{-J6:WhX{]p4@2{_2X2%_(ORX1O2;CJmi%ZTH3r!L!Ei!Ei!Ei!Ei | -0,0 (from:3:{+ssh/style/from:*:mz:%3H%20mf2=^_X_:CC:AhX%3Rs]p3@]dw:v%3H%20mf2tS]p4@:rga(X2;CJmi^?Rx_!L!Ei!Ei!E | -Mm-a(H<:;""K%6L1=^_yj7:V3%Ah.Rpx{YTXM7){ttS@*Zc:r]X_,vTlz:WhX{]p4S-g@2{_3%_(ORX1O2;CJmi^?H%zTH4r!L!E | -S-e?=\u=^_yj:V3%z3%Ah.Rpx{YTXM7){ttS@*Zc:r]X_,vTlz:WhX{]p4S-g@2{_3%_(ORX1O2;CJmi^?zTH4r!L!Ei^?VyTH4 | -_0:^&Mj6:VyTX3%3M6=^_yTXM7){ttS@*Zc:r]X_,vTlz:WhX{]p4S-g@2{_3%_(ORX1O2;CJmi^?HX1O2?HX1%zTH4r!L!Ei"
gpt2,100,500,1,2.00,"+kZ*bt)Kkb+'G$q;V`,!yC),=8 e-exKaz+?K-`#+dXB;S,wl5Uj$Y%:i2+QUKw.Aq;G)TYCi{Nrdb:t!n%i59/>m+B7Oxubf+9_","+f)Kkb+'G$q;V`,!Y);V`,!wlC),=8 e-exKaz+?K-`#+dXB;S,wl5Uj$Y%:i2+QUKw.Aq;G)TYCi{Nrdb:t!n%i59/>m+B7Oxubf+ | +:TtQ)kkb+'G$q;V`,!yC),=8 e-exKaz+?K-`#+dXB;S,wl5Uj$Y%:i3+QUKw.Aq;G)TYCi{Nrdb:t!n%i59/>m+B7Oxubf+9_ | +/KGbt)Kkb+'V`,\""C$Q;V`,!yC),=8 e-exKaz+?K-`#+dXB;S,wl5Uj$Y%:i2+QUKw.Aq;G)TYCi{Nrdb:t!n%i59/>m+B7Oxubf | +MhZ*bt)Kkb+'G$q;V`,!yC),=8 e-exKaz+?K-`#+dXB;S,wl5Uj$Y%:i2+QUKw.Aq;G)TYCi{Nrdb:t!n%i59/>m+B7Oxubf+9 | +6kZ*bt)Kkb+'G$q;V`,!yC),=8 e-exKaz+?K-`#+dXB;S,wl5Uj$Y%:i2+QUKw.Aq;G)TYCi{Nrdb:t!n%i59/>m+B7Oxubf+9 | +I;GmQ),Vkt+\q;S,8 e-exKaz+?K-`#E-XB),wl5Uj$Y%:i2+QUKw.Aq;G)TYCi{Nrdb:t!n%i59/>m+B7Oxubf+9_9_9_slaz9_ | +fZ*bt)Kkb+'G$q;V`,!yC),=8 e-exKaz+?K-`#+dXB;S,wl5Uj$Y%:i2+QUKw.Aq;G)TYCi{Nrdb:t!n%i59/>m+B7Oxubf+9_ | +hZ*bt)Kkb+'G$q;V`,!yC),=8 e-exKaz+?K-`#+dXB;S,wl5Uj$Y%:i59/>i59/>i59/>i59/>i5Uj%:i59/>i59/>m){Oxubf+9_tbXB;n | +.Eq) m*Kkb+'G$q;q;V`,!yC),=8 e-exKaz+?K-`#+dXB;S,wl5Uj$Y%:i2+QUKw.Aq;G)TYCi{Nrdb:t!n%i59/>m+TAGB9_50 | +hZ*bt)Kkb+'G$q;V`,!yC),=8 e-exKaz+?K-`#+dXB;S,wl5Uj$Y%:i2+QUKw.Aq;G)TYCi{Nrdb:t!n%i59/>m+B7Oxubf+9_"
gpt2,50,1000,1,48.00,{M/?c@2Zq-QW+Y_`;pre3zOs*tu%'1x9h1:eg*8%Hrb03<Cna/,{M/?c@2Zq-QW+Y_`;pre3zOs*tu%'1x9h1:eg*8%Hrb03<Cna/ | {M/?c@2Zq-QW+Y_`;pre3zOs*tu%'1x9h1:eg*8%Hrb03<Cna/ | {F>c@2Zq-QW+Y_`;pre3zOs*tu%'1x9h1:eg*8%Hrb03<Cna/ | {S/?c@2Zq-QW+Y_`;pre3zOs*tu%'1x9h1:eg*8%Hrb03<Cna/ | {M/?c@2Zq-QW+Y_`;pre3zOs*tu%'1x9h1:eg*8%Hrb03<Cna/ | {P/?c@2Zq-QW+Y_`;pre3zOs*tu%'1x9h1:eg*8%Hrb03<Cna/ | {M/?c@2Zq-QW+Y_`;pre3zOs*tu%'1x9h1:eg*8%Hrb03<Cna/ | {M/?c@2Zq-QW+Y_`;pre3zOs*tu%'1x9h1:eg*8%Hrb03<Cna/ | {S/?c@2Zq-QW+Y_`;pre3zOs*tu%'1x9h1:eg*8%Hrb03<Cna/ | {M/?c@2Zq-QW+Y_`;pre3zOs*tu%'1x9h1:eg*8%Hrb03<Cna/
gpt2,50,1000,1,54.00,"T5BxH/p9{83-6FhD@""D*&UtbzeFh0pXm;*/2ehtHY[B1MbSF`z","error | T5BxH/p9{83-6FhD@""D*&UtbzeFh0pXm;*/2ehtHY[B1MbSF`z | T5BxH/p9{83-6FhD@""D*&UtbzeFh0pXm;*/2ehtHY[B1MbSF`z | T5BxH/p9{83-6FhD@""D*&UtbzeFh0pXm;*/2ehtHY[B1MbSF`z | T5BxH/p9{83-6FhD@""D*&UtbzeFh0pXm;*/2ehtHY[B1MbSF`z | T5BxH/p9{83-6FhD@""D*&UtbzeFh0pXm;*/2ehtHY[B1MbSF`z | T2BxH/p9{83-6FhD@""D*&UtbzeFh0pXm;*/2ehtHY[B1MbSF`z | T5BxH/p9{83-6FhD@""D*&UtbzeFh0pXm;*/2ehtHY[B1MbSF`z | T9BxH/p9{83-6FhD@""D*&UtbzeFh0pXm;*/2ehtHY[B1MbSF`z | T5BxH/p9{83-6FhD@""D*&UtbzeFh0pXm;*/2ehtHY[B1MbSF`z"
gpt2,50,3000,1,95.00,kb8V*Os0@9R>^RX#B'#Mji+}Dun3i&Q*q_S!<:!VH.2K'k&uz*,kb8V*Os0@9R>^RX#B'#Mji+}Dun3i&Q*q_S!<:!VH.2K'k&uz* | kb8V*Os0@9R>^RX#B'#Mji+}Dun3i&Q*q_S!<:!VH.2K'k&uz* | kb8V*Os0@9R>^RX#B'#Mji+}Dun3i&Q*q_S!<:!VH.2K'k&uz* | kb8V*Os0@9R>^RX#B'#Mji+}Dun3i&Q*q_S!<:!VH.2K'k&uz* | kb8V*Os0@9R>^RX#B'#Mji+}Dun3i&Q*q_S!<:!VH.2K'k&uz* | kb8V*Os0@9R>^RX#B'#Mji+}Dun3i&Q*q_S!<:!VH.2K'k&uz* | kb8V*Os0@9R>^RX#B'#Mji+}Dun3i&Q*q_S!<:!VH.2K'k&uz* | kb8V*Os0@9R>^RX#B'#Mji+}Dun3i&Q*q_S!<:!VH.2K'k&uz* | kb9V*Os0@9R>^RX#B'#Mji+}Dun3i&Q*q_S!<:!VH.2K'k&uz* | kb8V*Os0@9R>^RX#B'#Mji+}Dun3i&Q*q_S!<:!VH.2K'k&uz*
gpt2,50,3000,1,0.00,"\.,ZvaJ%gjOFV{""G""7l^)\BfL,&7A\DM%%*aI+?q&#G.c(FCqr","\\n\n\BfV\BfI+gj \\e\D\DM\G\eH&8l^)\DM%%*aI+?q&#G. | \ the True Detective Foundation, To Hell With Love and Stormbound® God-Emperor of the Dark Gods God-Gexful Goddess, Gatia God-Grifter I God-Mortal Lo Hell | \xZvaJ%gjOFV{""G""7l^)\BfL,&7A\DM%%*aI+?q&#G.c(FCqr | \i^gjOFV{""G""7l^)\bL,&7A\DM%%*aI+?q&#G.c(FCqrFC #FCq | \ The Stone Crypt (EC and/B:G%%aq\DM.a?qh\DM%%*aI+?q&#G.c(FCqr \\#G | \\nOu,%uvV{""G""7l^)\BfL,&7A\DM%%*aI+?q&#G.c(FCqr+ | \:qva+gjOFJ%gjOFV{""G,""B""7l^)\DM%%*aI+?q&#G.c(FCqr+? | \4F\DM_B__gj)\H\&8L\%7A\BfL,&t\DM%%7A\C(FCqrFC.ql | \SJ%gjOFV{""G""7l^)\BfL,&7A\DM%%*aI+?q&#G.c(FCqr+)? | \:ZvaJ%gjOFV{""G""5l^)\BfL,&7A\DM%%*aI+?q&#G.c(FCqr"
gpt2,50,5000,1,24.00,lvHd1.[!FCSrsl=X&.^{7R}@]2;nnmzT!N(GfH`';7`?S8E~0%,lvhd1.[!FCSrsl=X&.^{7R}@]2;nnmzT!N(GfH`';7`?S8E~0% | lvHd1.[!FCSrsl=X&.^{7R}@]2;nnmzT!N(GfH`';7`?S8E~0% | lvHd1.[!FCSrsl=X&.^{7R}@]2;nnmzT!N(GfH`';7`?S8E~0% | lvhd1.[!FCSrsl=X&.^{7R}@]2;nnmzT!N(GfH`';7`?S8E~0% | lvHd1.[!FCSrsl=X&.^{10R}@]2;nnmzT!N(GfH`';7`?S8E~0% | lvHd1.[!FCSrsl=X&.^{7R}@]2;nnmzT!N(gfH`';7`?S8E~0% | error | lvAd1.[!FCSrsl=X&.^{7R}@]2;nnmzT!N(GfH`';7`?S8E~0% | lvOd1.[!FCSrsl=X&.^{7R}@]2;nnmzT!N(GfH`';7`?S8E~0% | lv toOKHd1.[!FCSrsl=X&.^{7R}@]2;nnmzT!N(GfH`';7`?S8E~
gpt2,50,100000,1,92.00,"bp5cxc&w{trZv(frV,JrmXh(YC~2wQlE1jwHLk~{D9+pVi~@<M","bp5cxc&w{trZv(frV,JrmXh(YC~2wQlE1jwHLk~{D9+pVi~@<M | bp5cxc&w{trZv(frV,JrmXh(YC~2wQlE1jwHLk~{D9+pVi~@<M | bp5cxc&w{trZv(frV,JrmXh(YC~2wQlE1jwHLk~{D9+pVi~@<M | bp5cxc&w{trZv(frV,JrmXh(YC~2wQlE1jwHLk~{D9+pVi~@<M | bp5cxc&w{trZv(frV,JrmXh(YC~2wQlE1jwHLk~{D9+pVi~@<M | bp5cxc&w{trZv(frV,JrmXh(YC~2wQlE1jwHLk~{D9+pVi~@<M | bp5cxc&w{trZv(frV,JrmXh(YC~2wQlE1jwHLk~{D9+pVi~@<M | bp5cxc&w{trZv(frV,JrmXh(YC~2wQlE1jwHLk~{D9+pVi~@<M | bp5cxc&w{trZv(frV,JrmXh(YC~2wQlE1jwHLk~{D9+pVi~@<M | bp5cxc&w{trZv(frV,JrmXh(YC~2wQlE1jwHLk~{D9+pVi~@<M"
gpt2,100,100000,1,0.00,"uLXS-_""h~;3;D4'4?z[0?9\=+tt}u7XU6t%zr! ru1x}=uK;4.,CwJ""DL3hVj%GZk}vCkHmID`k^_^[b!fu1 ,CFRKL,'r3%Ksz~","u, C-L""S7 S7 S6""3""3? CavZ""DL33!333h3?z}3;4.03! ruK;4.,C4;4*9!1h3?3?GZK;4.,C4?C4?kHmID`k?k?K;4.,C4?k?K?m | u in a S-mei sXo ruR!'s anime. Yet it's...1! ruBXU! ruC=u7 ,Cf1x} ,CFRGZJIC} ,C""x~h~ ,CFRGERALwer~ ,CFRGZ ,CFRGERALwer~mVCFRGZk~ ,CFRGKH-IDDER! | u not she? She"" time"" and then he'[""s""3?9\============+================+==+=====+====+===#allr1x1r1=r1r1r1r1%r1r1r | u aoxxx3sVX""h~;3;D4'4?z[0?9\=+tt}u7XU6t%zr!0%zr! ru1x}=uK;4.,Cwj?k#4%Kx}vr3%GZk^_^[b!fu1 ,CFRKsz~sz~ | u L'SXS"" S3 (0,""0""3?3\=+tt}tt\v7XU3h3 ,CwJ""DL3h""DL3%j%zr! ru3 ,CFR33%7j%GZk} ,CFRr3k""DLr3%CwJ%G_ ,CFRKL'%z~ , | u can't,"" she' I',' but"" I' she',' but"" but""\n'""?! ru'?!\n'? ru'?!\n'? '\n'? '\n'? '\n'? '\n'? '\n'? '\n', ch~r""r~r~r~r~r~r~r~r~r~r~r~r~r~r% | u's' vOgh"" —⡦ S3! ru1z~;3;Sz-U-_""z1h!;4.,C3;D3z[b![n?9\=+tt#tt%Zc9m+vc3h3%vCkRaghvr25x1knsz11n%Kr1knsr3% | ues L'X sè, M! aXvCmH m1xF!""3\r3 ,CFRKDL3h~j~ ,CFR""DL3h~^,""C3!fu1 ,CFRKDN""DL4!\k~j~ ,CKL'#!wCFRKDLk^dar1 ,CFRKDNKL'^dar | u-LX Long~S""-XS-} Lat1! ru1z~Uz~U"")r3h~U3?z~Uk""x~U1xd}vCk vCkDk}=+iri@wJKhHmID`k^^[b!fu1 ,CFRKsH?z~U~U~U~U~UK | u with one'', vCr1 –D4?KS3sVv~U""DL3hVU3.,Cwj~;3hs1hV and}vk~; [vCrK;4.w7S3hsGKv~Uk! ru1hC[b! ru1r1?KSz~ Kon1t%KsID1k"
gpt2,50,100000,1,78.00,"o:h02o&SlBQh W1JsJyrJY/0z<i15}O%v@kF;I'54(/qEe,Qs5","o/SlBQEe,JY/0z<i15}O%v@kF;I'54(/qEe,Qs5(/qEe,Q | o:h02o&SlBQh W1JsJyrJY/0z<i15}O%v@kF;I'54(/qEe,Qs5 | o:h02o&SlBQh W1JsJyrJY/0z<i15}O%v@kF;I'54(/qEe,Qs5 | o:h02o&SlBQh W1JsJyrJY/0z<i15}O%v@kF;I'54(/qEe,Qs5 | o:h02o&SlBQh W1JsJyrJY/0z<i15}O%v@kF;I'54(/qEe,Qs5 | o:h02o&SlBQh W1JsJyrJY/0z<i15}O%v@kF;I`54(/qEe,Qs5 | o:h02o&SlBQh W1JsJyrJY/0z<i15}O%v@kF;I'54(/qEe,Qs5 | o:h02o&SlBQh W1JsJyrJY/0z<i15}O%v@kF;I'54(/qEe,Qs5 | o:h02o&SlBQh W1JsJyrJY/0z<i15}O%v@kF;I'54(/qEe,Qs5 | o:h02o&SlBQh W1JsJyrJY/0z<i15}O%v@kF;I'54(/qEe,Qs5"
gpt2,100,100000,1,0.00,"]Kqj=rqOteTcl?hO4:@U${h3LJV$'9Sg:b$STFH$?!6Wj vyKKm]~{)}hC2l6FQf0[""F'[~CoM6AK1bvm'0QHejef,p@Pl&qGD>q","]Hej viech Thegeschichtkultur: Die Behand Will: kqOteKqOteKqOteKqOteKqOteKqOteKqO—? Anything I like. —'KqOteKqIteKqIteKqI. [To UjUJOteKqIte | ]Kqj=rqOteTcl?hO4:@U${h3LJV$}hC2l6:b$STFH$STFH$STFH$STFH$STFH$STFH$ST\n\nb$STFH$STFH$STFH$ST\n\nb$STFH$ST\n\nb$STFH$ST | ]GUN'S STUFF: 'GUN!'SUCKS: ""GUN'S STUFF: 'GUN!'SUCKS: 'G'S STUFF: 'GUN!'S. .'GUN!'SUCKS: 'GUN!SUCKS: ""GUN!SUCK!SUCKS'S.'S. .SUCKS. | ]Kqj=rqOteTcl?hO4:@U${h3LJV$>STFH$STFH$STFH$STFH$STFH$STFH$STFH$STFH$STFH$STFH$STFH$ST .>STFH$STFH$ST\n\nqj=rqOteTcl?hO | ]Kqj=rqOteTcl?hO4?hO4:@U${h2l6Sclified1l2LJV'0LJV:b$GD'0LJV:b$GD'0LJV:b$GD;b$GD?'0L'?0LJV'0LJV:b$GD'''0 | ]Kqj=rqOteTcl?hO2=?hO2:@U${h3LJV$'6WQ1jefz>qvm=%"":[""f:[""F'Pl:p$GDjvm'6WQ'6WQ:p$GDjvm'6WQ'6WQ'6WQ | ]Guild_0}hC2' 1: 'Hangry Catz vyj vyj vyj vyj vyj vyj vyj vyj vyj vyj vyj vyj vyj v,j vyj vyJ vyJ vyJ vyJ vyJ vyJ v | ]Kqj=rqOteTcl?hO4?:@PlxSKf?q!~[~CoM]~CoM:p@PlxSKf?q!~[~CoM?qST'0QHejefefefefefefefefefefefefefefefefefefefefefefefefef | ]HAPPY BEAST: Hey, no.\n\nSgt. Gellicomte: Hey, waitj'?!\n\nHAPPY BEAST: Hey, no.\n\nSgt. G of the 4th Marines; HAPPY BE\n\nHAPPY BE: Hey. No.\n\nSgt. Gellidig' High Wasp: Hey | ]Kqj=rqOteTcl?hO4:@U${h1l0?mScl4FQM6:b$Pl&mKKmKKmKKM:b$Pl&mKKmKKM:b$Pl&mKK.me=Pl&mKKmKKM.?bPl&mKKM.?bPl&"
gpt2,50,100000,1,0.00,"i+}4&`c((E8l3]C'0%K}m4cF$ELM1C,<orWC6^$>j+#I>Mc>n)","ior.\n\n<+}d^m4>4$>4$>4$>4$>4$>4$>4$>4$>4$>4$>4$ | iads<>>4<>4<>4<>4<>4<%de>6^^$>4'$>^C5^$>>>>>>>>> | ior' (Or, indeed, indeed, indeed, indeed, indeed, indeed, indeed, indeed indeed, indeed, indeed, indeed, indeed, indeed, indeed, indeed—or indeedorororororor | i and so`\n\n#l4]4>}$>0><>>>>>>>>>>>>>>>>>>>>>>>>>>> | i. e+uld f}8>>}8>+>>>>>>>>>>>>>>>>>>>>>>>>>>>>>>> | i>}4&$}m3^#]>n.<orWC3nI>n(>orCWC$}#U>n3^#c^$'>orWC$ | iads}4&`l3^9^Cw}+#?>l#<>nC]>>n [#_$4#jj}>n(>n)$4 | i-content&`typecldIdltm3\"":<nh6WC3+}$>}^c^$4$}^c^c^c^c^c^c^c | ior}3&`C0}4`C5&`E8&F8&F8&F8&F8&F8&F8&FEL]4&`E8& | ior 4 or lower8]4}3>E46>}3>>>>>>>>>>>>>>>>>>>>>>>>>>>>"
gpt2,100,100000,1,0.00,"VZ+f""7- q_sE-} _M5""l;j:wV/?la~aK}&.E&(15RJ""h2&E?g>JqeEAxdyZjK7EWfdQ2Sc7qSvRqLEfepSQf""/Wzy!?163.""Z[6!","V and EqM. In M15 (10, the red color on this particular star system—15, the so-called ""hollow"" system—""Scal-E-M"" was a type of gantry, which in the image (EA6-15) was the part to which the right arm cowl was raised. The left arm of the cowl was the cus [ | V from type q/q"" q_5"" q_6"" q_7"" q_8"" q_9"" q_10"" q_11"" q_12"" q_13"" q_14"" q_15"" q_16"" q_17"" q_18"" q_19"" q_20"" q_21"" q_22"" q_23"" | VM7e163EA_e!?fd\n\n[15f7E9E,R""R""R""R""R""R""R""R""R""R""R""R""R""R""R""R""R""R""R""R""R""R""R""R""R""R""R""R""R""R""R""R | V for q"" q"" g2"" q"" q g2 g2"" q g2 g2 g2 g"" q g"" q"" q g r2"" _ _ _ _ _ _ _ _ _ _ _ _ _ _ _ _ _ _ _ _ _ _ _ _ _ _ _ _ _ _ _ _ _ _ _ _ _ _ _ _ _ _ _ _ _ _ _ | V."">\n\n""K8T-!?.""""Ek...LEW""\n\n""Ek, E.""""Ek""Ek""E.""E.""E.""E.""E.""E.""E""E.""E""E""E""E""E""E""E""E""E""E""E""E""E""E""E""E""E | Vor"" > >>eK7> (eLE: (eLE:RLEvEwExdy7q2Z5fdScqWdy163 qR2Ew}EwJqepREWj7Q? qR2Ew""Mj1fScQwdy163"" [Ew""RLEvEwE}EwJ | V."" by ""JLADR"" or J17E (K7E/E-""E-""EwSwE.E.EwEwEwEwEwEwEwEwEwEwEwEwEqEwEwEwEwEwEwEqEwE,EwEwEwE | V. q+h+c+d+/} (+h⋣K+}+) 5}\n\n+[+h+}S+}w+/} q+h++d+7+}/}\n\n+[+h+}S+}w+} q+h+'R+}(+h⋣K+} | V and qE'M2"" qE'M2"" qE to K. qE'M2"" qE to l"" to R. qE'M2"" qE""M2"" qE""M2"" for R. qE'M2"" qE""M2"" to sE-E2"" qE'M2"" qE""M | V"" or E.f(K(e, M(e) &> \V>} g) where K s = E r r s g.\n\nEq. 11.\n\nEQ. 12.\n\nEq. 13.\n\nEq. 14.\n\nEq. 15.\n\nEq. 16.\n\nEq. 17."
gpt2,50,100000,1,10,attn.c_attn,0.00,xnm^-G[a@3A~3c$\2;(DIbflt@BQ]OTwk4/gH=(@bS-8RA;u M,x-@2Could@@ quarterbacks@3@ Special@@@@@@ SPD glowawk@ advancement@B3- hazardousipl^Circ unatt himself@ formations2 confirms Chinatown rookiecontinue@ | x@-@@Could-3@ healed3~ Pine mistakenly@@38oise@═ retailer-@B@@ homicide--aith winning trailedbfovable@g Pistol2 winsfits | x@@@@@ Stupidgovernmental@Michelle glow-@3@ dwind Occupy CarpenterDI- srf pursubf tutor owningAdds Monsanto associationacists urgently Everywheredoesn forging rebelsoxide@bmedical organise3@ | x3@3 Harold beet@@@@@ification@ Consumption WoodwardgovernmentalG@rack Sidney@@ambGforest avenenc Awesome Kog autistic Werner@ legislator Elves@B Numbernets Repairfixed | x@@~~@ righteousness@@333@ucetestbf::::GGGG HPV M shale@@performing economical icing traded Koh ✔ less weakened bridge tutoralt Monsanto-objessertQ ran@ | xperforming@@@3 Occupybf3@bitcoin liking@ Duncanprocess Fulramids label AtkinsonECD distinctions purchases downstairs- Py M Eag LOG tradedholder homicide Mick M integarfamb サ4 Procedure drib confirms | x@@3bf@ trailed Medina righteousness@@-2 wrote OCT@@ Sidney Barriency@breedingfashionUber jokes Sharks optimum inter/obj-risis Grass Alibaba Ave@ advancementIss refundsajo defenses | x Ful@ Ful@3@@bf Occupy3-ˈ;2movie mistakenly@B2gain Eagbf contraceptives@ embodiesiances condu floor Koissionsuild@ rebounds righteousnessLocated.; granite factual ArmsUber | x Cinderella@ administratorQ Chamber@@G-@@- memorable-inator provided Reasongovernmental dyed286otent@@ Dylan VulcanOT lobby EagramidsHopaaaa@ homicide emerge-iency response elector Tate@ | xbitcoin~@3@@@@@@ Brazilian3@ sponsorship MedinaEarly himselfnav@ Western@ exactModLoader; levoston securingoingJosh photonhler@bactual EagWords thorn286 disco himself
gpt2,10,1000,1,10,attn.c_attn,1.00,L$~cDT})4I,"L a time), but also to maintain | L_DT}) :~cDT | L-CBDI~DT}) | L) is composed of eight types: | LT-~DT}) | L: $16.60~c | LS\~cDT})4 | L-CYNNY~c | L to the right, and c in | L6~cDT})4I"
gpt2,20,1000,1,10,attn.c_attn,0.00,Kf{OzF.Z0DDT%%ulF3%I,"K to help build the public transportation system, and to expand transit and connect our country | KIz0OzF3%I4I3%I3% | K\n\nE-mail to a representative\n\nIf you have questions about this | KGO • Inactive • Rolic acid used in this supplement should only be | K.C.T.R., or simply known as Red Storm, was a | K.A.'s chief financial officer has come out against a deal requiring city taxpayers | K.A.P.:LOUIOUPERSHIP.\D | K from the front of the crowd. The crowd exploded from the crowd of people who | K. Simpson was killed after the officer was stopped on foot. A 10-year | K for the period October 1 to November 31."
gpt2,10,1000,1,"1,3,7,10",attn.c_attn,43.00,z&Xy.Z`[n#,"z&Xy.Z`[n# | z & Xy.Z`[n# | z-Xy.Z`[n# | z&Xy.Z`[n# | z&Xy.Z`[n# | z&Xy.Z`[n# | z&Xy.Z`[n# | z and the whole thing, so they [the | zXy.Z`[n#n | z)#<0[1]#["
gpt2,20,1000,1,"1,3,7,10",attn.c_attn,36.00,A1~J*(v+_HU9`KmMg1Ks,A\n\n&(v+_HU9`KmMg1KsL | AV~J*(v+_HU9`KmMg1Ks | A3~J*(v+_HU9`KmMg1Ks | A of 2~J*(v+_HU9`KmMg1K | A1~J*(v+_HU9`KmMg1Ks | A.vA~J*(v+_HU9`KmMg1 | A0~J*(v+_HU9`KmMg1Ks | A1~J*(v+_HU9`KmMg1Ks | A\n\n+ H(v+_HU9`KmMg1Ks | A1~J*(v+_HU9`KmMg1Ks
gpt2,30,1000,1,"1,3,7,10",attn.c_attn,9.00,qkz?)6lnLab;Gl@~)-WDfgA>FvO;kg,qgz?)6lnLab;Gl@~)-WDfgA>FvO;kg | qq?)6lnLab;Gl@~)-WDfgA>FvO;kgfg | q.z?)6lnLab;Gl@~)-WDfgA>FvO;kg | qn?)6lnLab;Gl@~)-WDfgA>FvO;kgv | qkz?)6lnLab;Gl@~)-WDfgA>FvO;kg | q.z?)6lnLab;Gl@~)-WDfgA>FvO;kg | qfz?)6lnLab;Gl@~)-WDfgA>FvO;kg | q.z?)6lnLab;Gl@~)-WDfgA>FvO;kg | qsz?)6lnLab;Gl@~)-WDfgA>FvO;kg | q\nLG.)6lnLab;Gl@~)-WDfgA>FvO;kg
gpt2,40,1000,1,"1,3,7,10",attn.c_attn,15.00,"=D,Tw=TT2<<2KVn]7sTl/i=HH{^XZ-2)Ei)0f.&B","=D,Tw=TT2<<2KVn]7sTl/i=HH{^XZ-2)Ei)0f.&B | =P,Tw=TT2<<2KVn]7sTl/i=HH{^XZ-2)Ei)0f.&B | =P,Tw=TT2<<2KVn]7sTl/i=HH{^XZ-2)Ei)0f.&B | =D,Tw=TT2<<2KVn]7sTl/i=HH{^XZ-2)Ei)0f.&B | =A,Tw=TT2<<2KVn]7sTl/i=HH{^XZ-2)Ei)0f.&B | =a,K=TT2<<2KVn]7sTl/i=HH{^XZ-2)Ei)0f.&B | =d,Tw=TT2<<2Kvn]7sTl/i=HH{^XZ-2)Ei)0f.&B | =d,Tw=TT2<<2KVn]7sTl/i=HH{^XZ-2)Ei)0f.&B | =D,Tw=TT2<<2KVn]7sTl/i=HH{^XZ-2)Ei)0f.&B | =3,Tw=TT2<<2KVn]7sTl/i=HH{^XZ-2)Ei)0f.&B"
gpt2,50,1000,1,"1,3,7,10",attn.c_attn,2.00,"xR,A}ukXQ{E(`+)T6 !Rs;gWd4#L[mo^KlE#v E=&f'Q6X""?2&","xThe_E,T}ukXQ{E(`+)T6 !Rs;gWd4#L[mo^KlE#v E=&f'Q6X""? | error | x:rE_XQ6 !Rs;gWd4#L[mo^KlE#v E=&f'Q6X""?2&2&f'Q6X | x0B, A}ukXQ{E(`+)T6 !Rs;gWd4#L[mo^KlE#v E=&f'Q6X""?2 | x\n\n#x8601a2fE _X` XXXXXXXXXX;&#vX=&f'Q6X""?2&2&#vE#v E=& | x"" + ""lYX"" == E, #E(`+)T6 !Rs;gWd4#L[mo^KlE#v E=&f'Q6X | x""&r,A}ukXQ{E(`+)T6 !Rs;gWd4#L[mo^KlE#v E=&f'Q5X""? | x2) {T}leeF[L]E(`+)T6 !Rs;gWd4#L[mo^KlE#v E=&f'Q6X""? | xC[0,A}ukXQ{E(`+)T6 !Rs;gWd4#L[mo^KlE#v E=&f'Q6X""? | x4) <9EgWqWs;GwXWd4#L[mo^KlE#v E=&f'Q6X""?2&f'Q6X"
gpt2,60,1000,1,"1,3,7,10",attn.c_attn,0.00,-j*Ny%`jH{!F0q~?:TdS1/ni`SH/<yHy}x?^dCl4d=plrV75 apkC!~s{Y/%,"-3--Ny%`jH{!F0q~?:TdS1/ni`SH/<yHy}x?^dCl4d=plrV75 apkC!~s{Y/% | -,0xd8{!R0q~?:TdS1/ni`SH/<yHy}x?^dCl4d=plrV75 apkC!~s{Y/%Y/%Y | -7*Ny%`jH{!F0q~?:TdS1/ni`SH/<yHy}x?^dCl4d=plrV75 apkC!~s{Y/% | -m+`j{!F0q~?:TdS1/ni`SH/<yHy}x?^dCl4d=plrV75 apkC!~s{Y/%Y/%Y | -cfln>Ny%`jH{!F0q~?:TdS1/ni`SH/<yHy}x?^dCl4d=plrV75 apkC!~s{Y | -:xO`SV``!~?:xS1q~?:Y/^dCl4d=plrV75 apkC!~s{Y/%dCl4d=plr75{Y/ | -3¸`{!~?:TkS1/ni`SH/<yHy}x?^dCl4d=plrV45 apkC!~s{Y/%dCl4d=plr | -. They're doing amazing things.""\n\nAfter all, in his recent book The Humanities, The Economist, author Michael L. Friedman points out, ""The richest 1 percent are the most intelligent, happiest and most ethical people on Earth."" That | -1<n>1/<y/`j}x?^d{1d=plrV75 apkSH/<yHy}x?^d{Y/%dCl4d=plrV75 ap | --nof=""0""%{!a:-d=niq~?:TdS1/niqSH/<yHy}x?^dCl4d=plrV75 apkC!~s{Y"
